
/*!40101 SET @OLD_CHARACTER_SET_CLIENT=@@CHARACTER_SET_CLIENT */;
/*!40101 SET @OLD_CHARACTER_SET_RESULTS=@@CHARACTER_SET_RESULTS */;
/*!40101 SET @OLD_COLLATION_CONNECTION=@@COLLATION_CONNECTION */;
/*!40101 SET NAMES utf8mb4 */;
/*!40103 SET @OLD_TIME_ZONE=@@TIME_ZONE */;
/*!40103 SET TIME_ZONE='+00:00' */;
/*!40014 SET @OLD_UNIQUE_CHECKS=@@UNIQUE_CHECKS, UNIQUE_CHECKS=0 */;
/*!40014 SET @OLD_FOREIGN_KEY_CHECKS=@@FOREIGN_KEY_CHECKS, FOREIGN_KEY_CHECKS=0 */;
/*!40101 SET @OLD_SQL_MODE=@@SQL_MODE, SQL_MODE='NO_AUTO_VALUE_ON_ZERO' */;
/*!40111 SET @OLD_SQL_NOTES=@@SQL_NOTES, SQL_NOTES=0 */;
DROP TABLE IF EXISTS `audit_trail`;
/*!40101 SET @saved_cs_client     = @@character_set_client */;
/*!40101 SET character_set_client = utf8 */;
CREATE TABLE `audit_trail` (
  `id` bigint(20) unsigned NOT NULL AUTO_INCREMENT,
  `username` varchar(255) COLLATE utf8mb4_unicode_ci NOT NULL,
  `activity` varchar(255) COLLATE utf8mb4_unicode_ci NOT NULL,
  `details` varchar(255) COLLATE utf8mb4_unicode_ci NOT NULL,
  `created_at` timestamp NULL DEFAULT NULL,
  `updated_at` timestamp NULL DEFAULT NULL,
  PRIMARY KEY (`id`)
) ENGINE=InnoDB AUTO_INCREMENT=144 DEFAULT CHARSET=utf8mb4 COLLATE=utf8mb4_unicode_ci;
/*!40101 SET character_set_client = @saved_cs_client */;

LOCK TABLES `audit_trail` WRITE;
/*!40000 ALTER TABLE `audit_trail` DISABLE KEYS */;
INSERT INTO `audit_trail` VALUES (1,'administrator','GET institution','Access institution menu','2022-04-08 06:51:43','2022-04-08 06:51:43'),(2,'administrator','GET institution','Access institution menu','2022-04-08 06:53:38','2022-04-08 06:53:38'),(3,'administrator','GET institution','Access institution menu','2022-04-08 06:54:21','2022-04-08 06:54:21'),(4,'administrator','GET institution','Access institution menu','2022-04-08 06:54:34','2022-04-08 06:54:34'),(5,'administrator','GET institution','Access institution menu','2022-04-08 06:55:37','2022-04-08 06:55:37'),(6,'administrator','GET institution','Access institution menu','2022-04-08 06:55:48','2022-04-08 06:55:48'),(7,'administrator','GET institution','Access institution menu','2022-04-08 07:01:24','2022-04-08 07:01:24'),(8,'administrator','GET institution','Access institution menu','2022-04-08 07:01:32','2022-04-08 07:01:32'),(9,'administrator','GET institution','Access institution menu','2022-04-08 07:02:17','2022-04-08 07:02:17'),(10,'administrator','GET institution','Access institution menu','2022-04-08 07:02:59','2022-04-08 07:02:59'),(11,'administrator','GET institution','Access institution menu','2022-04-08 07:03:57','2022-04-08 07:03:57'),(12,'administrator','GET institution','Access institution menu','2022-04-08 07:05:09','2022-04-08 07:05:09'),(13,'administrator','GET institution','Access institution menu','2022-04-08 07:05:16','2022-04-08 07:05:16'),(14,'administrator','GET institution','Access institution menu','2022-04-08 07:06:22','2022-04-08 07:06:22'),(15,'administrator','GET institution','Access institution menu','2022-04-08 07:08:13','2022-04-08 07:08:13'),(16,'administrator','GET institution','Access institution menu','2022-04-08 07:08:55','2022-04-08 07:08:55'),(17,'administrator','GET institution','Access institution menu','2022-04-08 07:09:42','2022-04-08 07:09:42'),(18,'administrator','GET institution','Access institution menu','2022-04-08 07:14:08','2022-04-08 07:14:08'),(19,'administrator','GET institution','Access institution menu','2022-04-08 07:14:34','2022-04-08 07:14:34'),(20,'administrator','GET institution','Access institution menu','2022-04-08 07:14:54','2022-04-08 07:14:54'),(21,'administrator','GET institution','Access institution menu','2022-04-08 07:16:02','2022-04-08 07:16:02'),(22,'administrator','GET institution','Access institution menu','2022-04-08 07:16:04','2022-04-08 07:16:04'),(23,'administrator','GET institution','Access institution menu','2022-04-08 07:18:20','2022-04-08 07:18:20'),(24,'administrator','GET institution','Access institution menu','2022-04-08 07:20:40','2022-04-08 07:20:40'),(25,'administrator','GET institution','Access institution menu','2022-04-08 07:21:12','2022-04-08 07:21:12'),(26,'administrator','GET institution','Access institution menu','2022-04-08 07:21:36','2022-04-08 07:21:36'),(27,'administrator','GET institution','Access institution menu','2022-04-08 07:22:21','2022-04-08 07:22:21'),(28,'administrator','GET institution','Access institution menu','2022-04-08 07:30:46','2022-04-08 07:30:46'),(29,'administrator','GET institution','Access institution menu','2022-04-08 07:32:58','2022-04-08 07:32:58'),(30,'administrator','GET institution_sensors_map','Access institution_sensors_map menu','2022-04-08 07:39:54','2022-04-08 07:39:54'),(31,'administrator','GET institution_sensors_map','Access institution_sensors_map menu','2022-04-08 07:40:23','2022-04-08 07:40:23'),(32,'administrator','GET institution_sensors_map','Access institution_sensors_map menu','2022-04-08 07:40:58','2022-04-08 07:40:58'),(33,'administrator','GET institution_sensors_map','Access institution_sensors_map menu','2022-04-08 07:41:12','2022-04-08 07:41:12'),(34,'administrator','GET institution_sensors_map','Access institution_sensors_map menu','2022-04-08 07:41:19','2022-04-08 07:41:19'),(35,'administrator','Sign in','Sign in success','2022-04-10 13:44:38','2022-04-10 13:44:38'),(36,'administrator','GET dashboard','Access dashboard menu','2022-04-10 13:44:40','2022-04-10 13:44:40'),(37,'administrator','GET institution_sensors_map','Access institution_sensors_map menu','2022-04-10 13:44:46','2022-04-10 13:44:46'),(38,'administrator','GET institution_sensors_map','Access institution_sensors_map menu','2022-04-10 13:52:52','2022-04-10 13:52:52'),(39,'administrator','GET institution_sensors_map','Access institution_sensors_map menu','2022-04-10 13:52:56','2022-04-10 13:52:56'),(40,'administrator','GET institution_sensors_map','Access institution_sensors_map menu','2022-04-10 13:53:55','2022-04-10 13:53:55'),(41,'administrator','GET institution_sensors_map','Access institution_sensors_map menu','2022-04-10 13:54:22','2022-04-10 13:54:22'),(42,'administrator','GET institution_sensors_map','Access institution_sensors_map menu','2022-04-10 13:56:20','2022-04-10 13:56:20'),(43,'administrator','GET institution_sensors_map','Access institution_sensors_map menu','2022-04-10 13:56:45','2022-04-10 13:56:45'),(44,'administrator','GET institution_sensors_map','Access institution_sensors_map menu','2022-04-10 13:57:05','2022-04-10 13:57:05'),(45,'administrator','GET institution_sensors_map','Access institution_sensors_map menu','2022-04-10 13:58:21','2022-04-10 13:58:21'),(46,'administrator','GET institution_sensors_map','Access institution_sensors_map menu','2022-04-10 13:59:36','2022-04-10 13:59:36'),(47,'administrator','GET institution_sensors_map','Access institution_sensors_map menu','2022-04-10 13:59:46','2022-04-10 13:59:46'),(48,'administrator','GET institution_sensors_map','Access institution_sensors_map menu','2022-04-10 14:00:30','2022-04-10 14:00:30'),(49,'administrator','GET institution_sensors_map','Access institution_sensors_map menu','2022-04-10 14:00:39','2022-04-10 14:00:39'),(50,'administrator','GET institution_sensors_map','Access institution_sensors_map menu','2022-04-10 14:01:58','2022-04-10 14:01:58'),(51,'administrator','GET institution_sensors_map','Access institution_sensors_map menu','2022-04-10 14:02:47','2022-04-10 14:02:47'),(52,'administrator','GET institution_sensors_map','Access institution_sensors_map menu','2022-04-10 14:04:20','2022-04-10 14:04:20'),(53,'administrator','GET institution_sensors_map','Access institution_sensors_map menu','2022-04-10 14:04:50','2022-04-10 14:04:50'),(54,'administrator','GET institution_sensors_map','Access institution_sensors_map menu','2022-04-10 14:06:30','2022-04-10 14:06:30'),(55,'administrator','GET institution_sensors_map','Access institution_sensors_map menu','2022-04-10 14:08:57','2022-04-10 14:08:57'),(56,'administrator','GET institution_sensors_map','Access institution_sensors_map menu','2022-04-10 14:09:12','2022-04-10 14:09:12'),(57,'administrator','GET institution_sensors_map','Access institution_sensors_map menu','2022-04-10 14:09:59','2022-04-10 14:09:59'),(58,'administrator','GET institution_sensors_map','Access institution_sensors_map menu','2022-04-10 14:10:12','2022-04-10 14:10:12'),(59,'administrator','GET institution_sensors_map','Access institution_sensors_map menu','2022-04-10 14:10:16','2022-04-10 14:10:16'),(60,'administrator','GET institution_sensors_map','Access institution_sensors_map menu','2022-04-10 14:10:48','2022-04-10 14:10:48'),(61,'administrator','GET institution_sensors_map','Access institution_sensors_map menu','2022-04-10 14:11:29','2022-04-10 14:11:29'),(62,'administrator','GET institution_sensors_map','Access institution_sensors_map menu','2022-04-10 14:12:51','2022-04-10 14:12:51'),(63,'administrator','GET institution_sensors_map','Access institution_sensors_map menu','2022-04-10 14:13:01','2022-04-10 14:13:01'),(64,'administrator','GET institution_sensors_map','Access institution_sensors_map menu','2022-04-10 14:13:23','2022-04-10 14:13:23'),(65,'administrator','GET institution_sensors_map','Access institution_sensors_map menu','2022-04-10 14:13:28','2022-04-10 14:13:28'),(66,'administrator','GET institution_sensors_map','Access institution_sensors_map menu','2022-04-10 14:13:35','2022-04-10 14:13:35'),(67,'administrator','GET institution_sensors_map','Access institution_sensors_map menu','2022-04-10 14:13:44','2022-04-10 14:13:44'),(68,'administrator','GET institution_sensors_map','Access institution_sensors_map menu','2022-04-10 14:14:33','2022-04-10 14:14:33'),(69,'administrator','GET institution_sensors_map','Access institution_sensors_map menu','2022-04-10 14:15:32','2022-04-10 14:15:32'),(70,'administrator','GET institution_sensors_map','Access institution_sensors_map menu','2022-04-10 14:16:56','2022-04-10 14:16:56'),(71,'administrator','GET institution_sensors_map','Access institution_sensors_map menu','2022-04-10 14:18:28','2022-04-10 14:18:28'),(72,'administrator','GET institution_sensors_map','Access institution_sensors_map menu','2022-04-10 14:18:39','2022-04-10 14:18:39'),(73,'administrator','GET institution_sensors_map','Access institution_sensors_map menu','2022-04-10 14:18:47','2022-04-10 14:18:47'),(74,'administrator','GET institution_sensors_map','Access institution_sensors_map menu','2022-04-10 14:21:15','2022-04-10 14:21:15'),(75,'administrator','GET institution_sensors_map','Access institution_sensors_map menu','2022-04-10 14:21:24','2022-04-10 14:21:24'),(76,'administrator','GET institution_sensors_map','Access institution_sensors_map menu','2022-04-10 14:21:40','2022-04-10 14:21:40'),(77,'administrator','GET institution_sensors_map','Access institution_sensors_map menu','2022-04-10 14:21:49','2022-04-10 14:21:49'),(78,'administrator','GET institution_sensors_map','Access institution_sensors_map menu','2022-04-10 14:23:18','2022-04-10 14:23:18'),(79,'administrator','GET institution_sensors_map','Access institution_sensors_map menu','2022-04-10 14:24:07','2022-04-10 14:24:07'),(80,'administrator','GET institution_sensors_map','Access institution_sensors_map menu','2022-04-10 14:24:22','2022-04-10 14:24:22'),(81,'administrator','GET institution_sensors_map','Access institution_sensors_map menu','2022-04-10 14:25:07','2022-04-10 14:25:07'),(82,'administrator','GET institution_sensors_map','Access institution_sensors_map menu','2022-04-10 14:27:25','2022-04-10 14:27:25'),(83,'administrator','GET institution_sensors_map','Access institution_sensors_map menu','2022-04-10 14:27:44','2022-04-10 14:27:44'),(84,'administrator','GET institution_sensors_map','Access institution_sensors_map menu','2022-04-10 14:29:25','2022-04-10 14:29:25'),(85,'administrator','GET institution_sensors_map','Access institution_sensors_map menu','2022-04-10 14:31:45','2022-04-10 14:31:45'),(86,'administrator','GET institution_sensors_map','Access institution_sensors_map menu','2022-04-10 14:32:02','2022-04-10 14:32:02'),(87,'administrator','GET institution_sensors_map','Access institution_sensors_map menu','2022-04-10 14:33:20','2022-04-10 14:33:20'),(88,'administrator','GET institution_sensors_map','Access institution_sensors_map menu','2022-04-10 14:33:34','2022-04-10 14:33:34'),(89,'administrator','GET institution_sensors_map','Access institution_sensors_map menu','2022-04-10 14:34:50','2022-04-10 14:34:50'),(90,'administrator','GET institution_sensors_map','Access institution_sensors_map menu','2022-04-10 14:35:37','2022-04-10 14:35:37'),(91,'administrator','Sign in','Sign in success','2022-04-11 00:47:35','2022-04-11 00:47:35'),(92,'administrator','GET dashboard','Access dashboard menu','2022-04-11 00:47:37','2022-04-11 00:47:37'),(93,'administrator','GET institution_sensors_map','Access institution_sensors_map menu','2022-04-11 00:47:46','2022-04-11 00:47:46'),(94,'administrator','GET institution_sensors_map','Access institution_sensors_map menu','2022-04-11 00:49:13','2022-04-11 00:49:13'),(95,'administrator','GET institution_sensors_map','Access institution_sensors_map menu','2022-04-11 00:50:55','2022-04-11 00:50:55'),(96,'administrator','GET institution_sensors_map','Access institution_sensors_map menu','2022-04-11 00:55:34','2022-04-11 00:55:34'),(97,'administrator','GET institution_sensors_map','Access institution_sensors_map menu','2022-04-11 00:56:14','2022-04-11 00:56:14'),(98,'administrator','GET institution_sensors_map','Access institution_sensors_map menu','2022-04-11 00:59:18','2022-04-11 00:59:18'),(99,'administrator','GET institution_sensors_map','Access institution_sensors_map menu','2022-04-11 01:00:54','2022-04-11 01:00:54'),(100,'administrator','GET institution_sensors_map','Access institution_sensors_map menu','2022-04-11 01:03:11','2022-04-11 01:03:11'),(101,'administrator','GET institution_sensors_map','Access institution_sensors_map menu','2022-04-11 01:04:13','2022-04-11 01:04:13'),(102,'administrator','GET institution_sensors_map','Access institution_sensors_map menu','2022-04-11 01:04:47','2022-04-11 01:04:47'),(103,'administrator','GET institution_sensors_map','Access institution_sensors_map menu','2022-04-11 01:06:50','2022-04-11 01:06:50'),(104,'administrator','GET institution_sensors_map','Access institution_sensors_map menu','2022-04-11 01:07:07','2022-04-11 01:07:07'),(105,'administrator','GET institution_sensors_map','Access institution_sensors_map menu','2022-04-11 01:07:21','2022-04-11 01:07:21'),(106,'administrator','GET institution_sensors_map','Access institution_sensors_map menu','2022-04-11 01:08:56','2022-04-11 01:08:56'),(107,'administrator','GET institution_sensors_map','Access institution_sensors_map menu','2022-04-11 01:13:06','2022-04-11 01:13:06'),(108,'administrator','GET institution_sensors_map','Access institution_sensors_map menu','2022-04-11 01:16:22','2022-04-11 01:16:22'),(109,'administrator','GET institution_sensors_map','Access institution_sensors_map menu','2022-04-11 01:21:36','2022-04-11 01:21:36'),(110,'administrator','GET institution_sensors_map','Access institution_sensors_map menu','2022-04-11 01:21:40','2022-04-11 01:21:40'),(111,'administrator','GET institution_sensors_map','Access institution_sensors_map menu','2022-04-11 01:21:51','2022-04-11 01:21:51'),(112,'administrator','GET institution_sensors_map','Access institution_sensors_map menu','2022-04-11 02:45:12','2022-04-11 02:45:12'),(113,'administrator','GET institution_sensors_map','Access institution_sensors_map menu','2022-04-11 02:48:59','2022-04-11 02:48:59'),(114,'administrator','GET institution_sensors_map','Access institution_sensors_map menu','2022-04-11 02:51:12','2022-04-11 02:51:12'),(115,'administrator','GET institution_sensors_map','Access institution_sensors_map menu','2022-04-11 02:57:56','2022-04-11 02:57:56'),(116,'administrator','GET institution_sensors_map','Access institution_sensors_map menu','2022-04-11 03:04:47','2022-04-11 03:04:47'),(117,'administrator','GET institution_sensors_map','Access institution_sensors_map menu','2022-04-11 03:23:04','2022-04-11 03:23:04'),(118,'administrator','GET institution_sensors_map','Access institution_sensors_map menu','2022-04-11 03:23:32','2022-04-11 03:23:32'),(119,'administrator','GET institution_sensors_map','Access institution_sensors_map menu','2022-04-11 03:23:56','2022-04-11 03:23:56'),(120,'administrator','GET institution_sensors_map','Access institution_sensors_map menu','2022-04-11 03:25:06','2022-04-11 03:25:06'),(121,'administrator','GET institution_sensors_map','Access institution_sensors_map menu','2022-04-11 03:25:43','2022-04-11 03:25:43'),(122,'administrator','GET institution_sensors_map','Access institution_sensors_map menu','2022-04-11 03:26:08','2022-04-11 03:26:08'),(123,'administrator','GET institution_sensors_map','Access institution_sensors_map menu','2022-04-11 03:26:21','2022-04-11 03:26:21'),(124,'administrator','Sign in','Sign in failed, wrong email or password','2022-04-11 03:38:38','2022-04-11 03:38:38'),(125,'administrator','Sign in','Sign in success','2022-04-11 03:38:43','2022-04-11 03:38:43'),(126,'administrator','GET dashboard','Access dashboard menu','2022-04-11 03:38:45','2022-04-11 03:38:45'),(127,'administrator','GET dashboard','Access dashboard menu','2022-04-11 03:42:50','2022-04-11 03:42:50'),(128,'administrator','GET dashboard','Access dashboard menu','2022-04-11 03:44:07','2022-04-11 03:44:07'),(129,'administrator','GET dashboard','Access dashboard menu','2022-04-11 03:44:14','2022-04-11 03:44:14'),(130,'administrator','GET dashboard','Access dashboard menu','2022-04-11 03:44:21','2022-04-11 03:44:21'),(131,'administrator','GET dashboard','Access dashboard menu','2022-04-11 03:44:26','2022-04-11 03:44:26'),(132,'administrator','GET dashboard','Access dashboard menu','2022-04-11 03:45:02','2022-04-11 03:45:02'),(133,'administrator','GET dashboard','Access dashboard menu','2022-04-11 03:50:47','2022-04-11 03:50:47'),(134,'administrator','GET institution_sensors_map','Access institution_sensors_map menu','2022-04-11 03:53:00','2022-04-11 03:53:00'),(135,'administrator','GET institution_sensors_map','Access institution_sensors_map menu','2022-04-11 04:03:36','2022-04-11 04:03:36'),(136,'administrator','GET dashboard','Access dashboard menu','2022-04-11 04:03:37','2022-04-11 04:03:37'),(137,'administrator','GET dashboard','Access dashboard menu','2022-04-11 04:04:19','2022-04-11 04:04:19'),(138,'administrator','GET dashboard','Access dashboard menu','2022-04-11 04:04:55','2022-04-11 04:04:55'),(139,'administrator','GET dashboard','Access dashboard menu','2022-04-11 04:07:46','2022-04-11 04:07:46'),(140,'administrator','GET dashboard','Access dashboard menu','2022-04-11 04:09:00','2022-04-11 04:09:00'),(141,'administrator','GET dashboard','Access dashboard menu','2022-04-11 04:12:22','2022-04-11 04:12:22'),(142,'administrator','GET dashboard','Access dashboard menu','2022-04-11 04:12:23','2022-04-11 04:12:23'),(143,'administrator','GET dashboard','Access dashboard menu','2022-04-11 04:13:20','2022-04-11 04:13:20');
/*!40000 ALTER TABLE `audit_trail` ENABLE KEYS */;
UNLOCK TABLES;
DROP TABLE IF EXISTS `failed_jobs`;
/*!40101 SET @saved_cs_client     = @@character_set_client */;
/*!40101 SET character_set_client = utf8 */;
CREATE TABLE `failed_jobs` (
  `id` bigint(20) unsigned NOT NULL AUTO_INCREMENT,
  `uuid` varchar(255) COLLATE utf8mb4_unicode_ci NOT NULL,
  `connection` text COLLATE utf8mb4_unicode_ci NOT NULL,
  `queue` text COLLATE utf8mb4_unicode_ci NOT NULL,
  `payload` longtext COLLATE utf8mb4_unicode_ci NOT NULL,
  `exception` longtext COLLATE utf8mb4_unicode_ci NOT NULL,
  `failed_at` timestamp NOT NULL DEFAULT current_timestamp(),
  PRIMARY KEY (`id`),
  UNIQUE KEY `failed_jobs_uuid_unique` (`uuid`)
) ENGINE=InnoDB DEFAULT CHARSET=utf8mb4 COLLATE=utf8mb4_unicode_ci;
/*!40101 SET character_set_client = @saved_cs_client */;

LOCK TABLES `failed_jobs` WRITE;
/*!40000 ALTER TABLE `failed_jobs` DISABLE KEYS */;
/*!40000 ALTER TABLE `failed_jobs` ENABLE KEYS */;
UNLOCK TABLES;
DROP TABLE IF EXISTS `group`;
/*!40101 SET @saved_cs_client     = @@character_set_client */;
/*!40101 SET character_set_client = utf8 */;
CREATE TABLE `group` (
  `id` bigint(20) unsigned NOT NULL AUTO_INCREMENT,
  `name` varchar(255) COLLATE utf8mb4_unicode_ci NOT NULL,
  `description` varchar(255) COLLATE utf8mb4_unicode_ci NOT NULL,
  PRIMARY KEY (`id`)
) ENGINE=InnoDB AUTO_INCREMENT=3 DEFAULT CHARSET=utf8mb4 COLLATE=utf8mb4_unicode_ci;
/*!40101 SET character_set_client = @saved_cs_client */;

LOCK TABLES `group` WRITE;
/*!40000 ALTER TABLE `group` DISABLE KEYS */;
INSERT INTO `group` VALUES (1,'Superadmin','Group user for superadmin'),(2,'Tester','Group user for tester');
/*!40000 ALTER TABLE `group` ENABLE KEYS */;
UNLOCK TABLES;
DROP TABLE IF EXISTS `institution`;
/*!40101 SET @saved_cs_client     = @@character_set_client */;
/*!40101 SET character_set_client = utf8 */;
CREATE TABLE `institution` (
  `id` bigint(20) unsigned NOT NULL AUTO_INCREMENT,
  `name` varchar(255) COLLATE utf8mb4_unicode_ci NOT NULL,
  `location` varchar(255) COLLATE utf8mb4_unicode_ci NOT NULL,
  `coordinate` varchar(255) COLLATE utf8mb4_unicode_ci NOT NULL,
  `description` varchar(255) COLLATE utf8mb4_unicode_ci NOT NULL,
  PRIMARY KEY (`id`),
  UNIQUE KEY `institution_name_unique` (`name`)
) ENGINE=InnoDB AUTO_INCREMENT=373 DEFAULT CHARSET=utf8mb4 COLLATE=utf8mb4_unicode_ci;
/*!40101 SET character_set_client = @saved_cs_client */;

LOCK TABLES `institution` WRITE;
/*!40000 ALTER TABLE `institution` DISABLE KEYS */;
INSERT INTO `institution` VALUES (1,'Kementerian Dalam Negeri','domestic','-6.170507740261105, 106.82773946819282','Test'),(2,'Kementerian ATR-BPN','domestic','-6.1856534542044255, 106.82480894187255','Test'),(3,'Kementerian Pariwisata dan Ekonomi Kreatif','domestic','-6.179032331954567, 106.82160032588044','Test'),(4,'Kementerian Pendidikan dan Kebudayaan','domestic','-6.225332577407092, 106.80261422252667','Test'),(5,'Kemenko PMK','domestic','-6.172288462485868, 106.82244977005587','Test'),(6,'Kementerian Perhubungan','domestic','-6.1741943639167545, 106.82225196821011','Test'),(7,'Kementerian PUPR','domestic','-6.237172927663409, 106.80192742403506','Test'),(8,'Kementarian PPA','domestic','-6.178461632197639, 106.82121498355063','Test'),(9,'Kemenko Maritim dan Investasi','domestic','-6.184708334964276, 106.82273955286983','Test'),(10,'Lembaga Administrasi Negara','domestic','-6.201689672719892, 106.80661345471565','Test'),(11,'Badan Nasional Penanggulangan Terorisme','domestic','-6.517317097761564, 106.87431254351961','Test'),(12,'BKKBN','domestic','-6.237447520189781, 106.87807750564524','Test'),(13,'Ombudsman','domestic','-6.219027121754333, 106.83192369704555','Test'),(14,'Komisi Pemilihan Umum','domestic','-6.197812330034401, 106.82780364891921','Test'),(15,'Dewan Perwakilan Rakyat','domestic','-6.209664098801186, 106.80003661511721','Test'),(16,'Dewan Perwakilan Daerah','domestic','-6.208059249846761, 106.80003939704542','Test'),(17,'KBRI Australia','overseas','-35.30375684136404, 149.11666037055042','Test'),(18,'KBRI China','overseas','39.94147389903389, 116.44810006884185','Test'),(19,'KBRI Papua Nugini','overseas','-9.433649289503629, 147.1918808735932','Test'),(20,'KBRI Jerman','overseas','52.52943219404731, 13.363255572330557','Test'),(21,'KBRI Arab Saudi','overseas','24.68169643579396, 46.62450491628028','Test'),(22,'KBRI Yordania','overseas','31.94750926149184, 35.87394394610568','Test'),(23,'KBRI Oman','overseas','23.59681745561638, 58.43417424892726','Test'),(24,'KDEI Taiwan','overseas','25.079788996115013, 121.56693922994151','Test'),(25,'KBRI Belanda','overseas','52.08614092443111, 4.288724561308946','Test'),(26,'KBRI Malaysia','overseas','3.146792897154829, 101.7218490940336','Test'),(27,'KBRI Amerika Serikat','overseas','38.910271638777054, -77.04628113960801','Test'),(28,'KBRI Mesir','overseas','30.034884402397687, 31.23101928381776','Test'),(29,'KBRI Thailand','overseas','13.751274082753195, 100.53655242289118','Test'),(30,'KBRI Filipina','overseas','14.631587495355651, 120.95233280099234','Test'),(31,'KBRI Singapura','overseas','1.2993020113997658, 103.82275226732429','Test'),(32,'KBRI Vietnam','overseas','21.021007856630717, 105.8534970679462','Test'),(33,'KBRI Afganistan','overseas','34.530802786748445, 69.17899461173441','Test'),(34,'KBRI Rusia','overseas','55.738031965378006, 37.630209929109476','Test'),(35,'KBRI Pakistan','overseas','33.72245939438508, 73.10387570622397','Test'),(36,'KBRI India','overseas','28.60204732604317, 77.19446998197222','Test'),(37,'KBRI Turki','overseas','39.87017847128933, 32.85580536496218','Test'),(38,'KBRI Inggris','overseas','51.49695393587146, -0.13094490149028612','Test'),(39,'KBRI Korea Selatan','overseas','37.51850159389236, 126.93159227430192','Test'),(40,'KJRI Los Angeles','overseas','34.062049554900895, -118.29935462837825','Test'),(41,'KJRI Sydney','overseas','-33.942147388186605, 151.244634668503','Test'),(42,'KPUD Kab Badung','domestic','-8.61789767130842, 115.18862465671651','Test'),(43,'KPUD Kota Denpasar','domestic','-8.673462741625045, 115.23540860704388','Test'),(44,'KPUD Kab Bengkulu Utara','domestic','-3.4402984232063845, 102.19188497291937','Test'),(45,'KPUD Kab Bengkulu Tengah','domestic','-3.7038246671301533, 102.41365056576957','Test'),(46,'KPUD Kab Rejang Lebong','domestic','-3.476452740243076, 102.51724660942612','Test'),(47,'KPUD Kab Bantul','domestic','-7.899746077091716, 110.3218096642546','Test'),(48,'KPUD Kab Sleman','domestic','-7.718858194880274, 110.35980859519586','Test'),(49,'KPUD Kab Bandung','domestic','-7.035136767959557, 107.53995148841969','Test'),(50,'KPUD Kab Indramayu','domestic','-6.3538145765177525, 108.32598957450435','Test'),(51,'KPUD Kab Merangin','domestic','-2.0878443993455567, 102.25499039664439','Test'),(52,'KPUD Kab Tanjung Jabung Barat','domestic','-0.8269194763226856, 103.46313145050662','Test'),(53,'KPUD Kab Tanjung Jabung Timur','domestic','-1.2121392642326063, 103.7940855817891','Test'),(54,'KPUD Kota Jambi','domestic','-1.6176406386749036, 103.55388175938144','Test'),(55,'KPUD Kota Semarang','domestic','-6.983120941168859, 110.41006221593963','Test'),(56,'KPUD Kota Surakarta','domestic','-7.547034796943664, 110.80857665511643','Test'),(57,'KPUD Kab Lamongan','domestic','-7.119734931495684, 112.4048953123289','Test'),(58,'KPUD Kab Malang','domestic','-8.138573759091418, 112.57312881566355','Test'),(59,'KPUD Kab Mojokerto','domestic','-7.489965759874696, 112.42797638182026','Test'),(60,'KPUD Kab Pacitan','domestic','-8.190827149009916, 111.10188219152789','Test'),(61,'KPUD Kab Sidoarjo','domestic','-7.442752709921801, 112.68638014466913','Test'),(62,'KPUD Kota Tanjung Pinang','domestic','0.9110876123446534, 104.49382150377751','Test'),(63,'KPUD Kab Lampung Tengah','domestic','-4.89730596626066, 105.036708321077','Test'),(64,'KPUD Kab Bengkalis','domestic','1.482762350451252, 102.13059335675189','Test'),(65,'KPUD Kab Kepuluan Meranti','domestic','1.0018408639273504, 102.72830394637582','Test'),(66,'KPUD Kab Pesisir Selatan','domestic','-1.343489989249854, 100.57931603449791','Test'),(67,'KPUD Kab Tanah Datar','domestic','-0.47734264240321284, 100.624744086073','Test'),(68,'KPUD Kota Padang','domestic','-0.8891433909998778, 100.40035831709844','Test'),(69,'KPUD Kab Oga Komering Ulu','domestic','-4.144662438392883, 104.18006761992126','Test'),(70,'KPUD - Bali Kab Bangli','domestic','-8.453798821018298, 115.34925543060427','Test'),(71,'KPUD - Bali Kab Jembrana','domestic','-8.355858504407472, 114.6164108528759','Test'),(72,'KPUD - Bali Kab Karangasem','domestic','-8.451779190651946, 115.6166469300768','Test'),(73,'KPUD - Bali Kab Tabanan','domestic','-8.537012964926992, 115.13530014381065','Test'),(74,'KPUD - Banten Kab Pandeglang','domestic','-6.3088375147460924, 106.10007676581516','Test'),(75,'KPUD - Banten Kab Serang','domestic','-6.111539856883916, 106.15762760071107','Test'),(76,'KPUD - Banten Kota Cilegon','domestic','-6.036176899705537, 106.04962925230127','Test'),(77,'KPUD - Banten Kota Tangerang Selatan','domestic','-6.328413472275218, 106.67348799040117','Test'),(78,'KPUD - Bengkulu Provinsi Bengkulu','domestic','-3.8309024241604597, 102.29516905559757','Test'),(79,'KPUD - Bengkulu Kab Kaur','domestic','-4.759793099762848, 103.3505972315801','Test'),(80,'KPUD - Bengkulu Kabupaten Kepahiang','domestic','-3.62228222045471, 102.56106456974858','Test'),(81,'KPUD - Bengkulu Kab Lebong','domestic','-3.1553529468293604, 102.18298304719653','Test'),(82,'KPUD - Bengkulu Kab Muko-Muko','domestic','-2.5504208911397703, 101.10528158878729','Test'),(83,'KPUD - Bengkulu Kab Seluma','domestic','-4.076356879946475, 102.57369749593141','Test'),(84,'KPUD - Bengkulu Kota Bengkulu','domestic','-3.7614029739684147, 102.30588928159516','Test'),(85,'KPUD - DIY Kab Gunungkidul','domestic','-7.9401924953502325, 110.59346260124106','Test'),(86,'KPUD - Jawa Barat Kab Cianjur','domestic','-6.818397624510454, 107.13856122015876','Test'),(87,'KPUD - Jawa Barat Kab Karawang','domestic','-6.274901545041905, 107.27522698513015','Test'),(88,'KPUD - Jawa Barat Kab Pangandaran','domestic','-7.365721976542905, 108.21556911677916','Test'),(89,'KPUD - Jawa Barat Kab Sukabumi','domestic','-6.894346562946412, 106.7885453042793','Test'),(90,'KPUD - Jawa Barat Kab Tasikmalaya','domestic','-7.3469723282728605, 108.12203276357675','Test'),(91,'KPUD - Jawa Barat Kota Depok','domestic','-6.371365681995414, 106.83279268331883','Test'),(92,'KPUD - Jambi Kab Batanghari','domestic','-1.7180916612463037, 103.2647413736582','Test'),(93,'KPUD - Jambi Kab Bungo','domestic','-1.4920207520110806, 102.11758248480845','Test'),(94,'KPUD - Jambi Kab Kerinci','domestic','-2.0564504148235083, 101.38853102442374','Test'),(95,'KPUD - Jambi Kab Tebo','domestic','-1.468254291977072, 102.44008288714241','Test'),(96,'KPUD - Jambi Kota Sungai Penuh','domestic','-2.071007692938732, 101.40158865743486','Test'),(97,'KPUD - Jawa Tengah Kab Blora','domestic','-6.971478431328726, 111.40969011384696','Test'),(98,'KPUD - Jawa Tengah Kab Boyolali','domestic','-7.544059815682174, 110.60112333266456','Test'),(99,'KPUD - Jawa Tengah Kab Demak','domestic','-6.896009024624285, 110.63929842111345','Test'),(100,'KPUD - Jawa Tengah Kab Grobogan','domestic','-7.083344933306173, 110.9167682658494','Test'),(101,'KPUD - Jawa Tengah Kab Kebumen','domestic','-7.66865330101137, 109.66842275625072','Test'),(102,'KPUD - Jawa Tengah Kab Kendal','domestic','-6.92191175297584, 110.19613419911053','Test'),(103,'KPUD - Jawa Tengah Kab Klaten','domestic','-7.692128586757274, 110.60111667940922','Test'),(104,'KPUD - Jawa Tengah Kab Pekalongan','domestic','-7.029344235372035, 109.59885734018485','Test'),(105,'KPUD - Jawa Tengah Kab Pemalang','domestic','-6.902226690926411, 109.38354956120153','Test'),(106,'KPUD - Jawa Tengah Kab Purworejo','domestic','-7.716030599346096, 110.00865245585882','Test'),(107,'KPUD - Jawa Tengah Kab Purbalingga','domestic','-7.380981619544849, 109.38209159582699','Test'),(108,'KPUD - Jawa Tengah Kab Rembang','domestic','-6.722469590000012, 111.34819118632474','Test'),(109,'KPUD - Jawa Tengah Kab Semarang','domestic','-7.129404153435225, 110.40892694793108','Test'),(110,'KPUD - Jawa Tengah Kab Sragen','domestic','-7.416919869156529, 111.02819428769803','Test'),(111,'KPUD - Jawa Tengah Kab Sukoharjo','domestic','-7.687857060091064, 110.83156177212136','Test'),(112,'KPUD - Jawa Tengah Kab Wonogiri','domestic','-7.806920336358905, 110.91230273503557','Test'),(113,'KPUD - Jawa Tengah Kab Wonosobo','domestic','-7.357252921150389, 109.90570285719397','Test'),(114,'KPUD - Jawa Tengah Kota Magelang','domestic','-7.483368023993509, 110.21417768641078','Test'),(115,'KPUD - Jawa Tengah Kota Pekalongan','domestic','-6.895307326140664, 109.66024809444471','Test'),(116,'KPUD - Jawa Timur Kab Banyuwangi','domestic','-8.228247355157604, 114.36089471329014','Test'),(117,'KPUD - Jawa Timur Kab Blitar','domestic','-8.072912492058952, 112.22188511168903','Test'),(118,'KPUD - Jawa Timur Kab Gresik','domestic','-7.166025505314054, 112.61136529609333','Test'),(119,'KPUD - Jawa Timur Kab Jember','domestic','-8.16518834988088, 113.71244443796188','Test'),(120,'KPUD - Jawa Timur Kab Kediri','domestic','-7.80741111435855, 112.04204835821199','Test'),(121,'KPUD - Jawa Timur Kab Ngawi','domestic','-7.392216084733088, 111.45153692560159','Test'),(122,'KPUD - Jawa Timur Kab Ponorogo','domestic','-7.84920223435007, 111.47374234722677','Test'),(123,'KPUD - Jawa Timur Kab Sitobondo','domestic','-7.710885516246102, 114.00688721772693','Test'),(124,'KPUD - Jawa Timur Kab Sumenep','domestic','-7.001423189992407, 113.84702385256135','Test'),(125,'KPUD - Jawa Timur Kab Trenggalek','domestic','-8.055914095397222, 111.68915488980159','Test'),(126,'KPUD - Jawa Timur Kab Tuban','domestic','-6.898480955848191, 112.04550538711972','Test'),(127,'KPUD - Jawa Timur Kota Blitar','domestic','-8.094434053296167, 112.19130599215488','Test'),(128,'KPUD - Jawa Timur Kota Pasuruan','domestic','-7.656720974771961, 112.89732861498678','Test'),(129,'KPUD - Jawa Timur Kota Surabaya','domestic','-7.292959805660645, 112.72940187631869','Test'),(130,'KPUD - Kepulauan Riau Kota Batam','domestic','1.1294788769883908, 103.92497613430984','Test'),(131,'KPUD - Lampung Kab Lampung Selatan','domestic','-5.72564877594357, 105.59202302985462','Test'),(132,'KPUD - Lampung Kab Lampung Timur','domestic','-5.053495830035851, 105.50516311522422','Test'),(133,'KPUD - Lampung Kab Pesisir Barat','domestic','-5.2026093258647785, 103.94162795839225','Test'),(134,'KPUD - Lampung Kab Pesawaran','domestic','-5.366641116378198, 105.15010224609571','Test'),(135,'KPUD - Lampung Kab Way Kanan','domestic','-4.504512045352449, 104.51369071428417','Test'),(136,'KPUD - Lampung Kota Bandar Lampung','domestic','-5.385715646366647, 105.3036329013891','Test'),(137,'KPUD - Lampung Kota Metro','domestic','-5.128176191811174, 105.3069354503199','Test'),(138,'KPUD - Riau Kab Indragiri Hulu','domestic','-0.38245735578510043, 102.44233836585683','Test'),(139,'KPUD - Riau Kab Kuantan Singingi','domestic','-0.5319483899812548, 101.5828947261887','Test'),(140,'KPUD - Riau Kab Rokan Hilir','domestic','2.117873462435101, 100.82224114184339','Test'),(141,'KPUD - Riau Kab Rokan Hulu','domestic','0.8658772705349067, 100.29592625986157','Test'),(142,'KPUD - Riau Kab Siak','domestic','0.8150130372567892, 102.02269304111303','Test'),(143,'KPUD - Riau Kota Dumai','domestic','1.6064761645470256, 101.3887260855771','Test'),(144,'KPUD - Sulawesi Utara Kota Tomohon','domestic','1.336495732704816, 124.83655304941394','Test'),(145,'KPUD - Prov Sumatera Barat','domestic','-0.9161404950576596, 100.35703653510811','Test'),(146,'KPUD - Sumatera Barat Kab Agam','domestic','-0.3954603977604488, 100.27551621850107','Test'),(147,'KPUD - Sumatera Barat Kab Dharmasraya','domestic','-0.9539212579446129, 101.49348158727092','Test'),(148,'KPUD - Sumatera Barat Kab Kepulauan Mentawai','domestic','-2.0662912406952074, 99.59468722567175','Test'),(149,'KPUD - Sumatera Barat Kab Lima Puluh Kota','domestic','-0.1834621927702017, 100.6559841349023','Test'),(150,'KPUD - Sumatera Barat Kab Pasaman','domestic','0.13971911435906972, 100.16595676217219','Test'),(151,'KPUD - Sumatera Barat Kab Pasaman Barat','domestic','0.10743779211911401, 99.82932932028346','Test'),(152,'KPUD - Sumatera Barat Kab Sijunjung','domestic','-0.6625556804437956, 100.92633172946353','Test'),(153,'KPUD - Sumatera Barat Kab Solok','domestic','-0.8301658311634421, 100.65326202060832','Test'),(154,'KPUD - Sumatera Barat Kab Solok Selatan','domestic','-1.5602749547726376, 101.23366813874568','Test'),(155,'KPUD - Sumatera Barat Kab Bukit Tinggi','domestic','-0.30266429728267386, 100.3696955227787','Test'),(156,'KPUD - Sumatera Barat Kota Padang Panjang','domestic','-0.46683003364809916, 100.40926498767561','Test'),(157,'KPUD - Sumatera Barat Kota Solok','domestic','-0.7683998449620932, 100.65624185753926','Test'),(158,'KPUD - Sumatera Barat Kota Sawah Lunto','domestic','-0.6456482801684749, 100.7455044170267','Test'),(159,'KPUD - Sumatera Selatan Kab Musi Rawas','domestic','-3.2427777202714823, 103.03815078871034','Test'),(160,'KPUD - Sumatera Selatan Kab Musi Rawas Utara','domestic','-2.814732745413356, 102.83367780630043','Test'),(161,'KPUD - Sumatera Selatan Kab Ogan ilir','domestic','-3.393093041015603, 104.83018856399943','Test'),(162,'KPUD - Sumatera Selatan Kab Panungkal Abab Lematang Hilir','domestic','-3.2878910811571123, 103.84174243110107','Test'),(163,'KPUD - Kepulauan Bangka Belitung Kab Bangka Selatan','domestic','-3.0100711006928162, 106.47691768360045','Test'),(164,'KPUD - Kepulauan Bangka Belitung Kab Bangka Tengah','domestic','-2.518833778346143, 106.41711193917735','Test'),(165,'KPUD - Kepulauan Bangka Belitung Kab Belitung Timur','domestic','-2.8841959203122713, 108.23693756635973','Test'),(166,'KPUD - Gorontalo Kab Bone Bolango','domestic','0.5495895777190639, 123.14000489924346','Test'),(167,'KPUD - Gorontalo Kab Gorontalo','domestic','0.6292725127414015, 122.9749723596326','Test'),(168,'KPUD - Kalimantan Barat Kab Melawi','domestic','-0.37608696335924674, 111.76765095986627','Test'),(169,'KPUD - Kalimantan Barat Kab Sambas','domestic','1.3622712333065883, 109.30347068401731','Test'),(170,'KPUD - Kalimantan Barat Kab Sekadau','domestic','0.00965480775099986, 110.95528049610495','Test'),(171,'KPUD - Kalimantan Selatan Kab Balangan','domestic','-2.374105316122864, 115.46523003597481','Test'),(172,'KPUD - Kalimantan Selatan Kab Banjar','domestic','-3.4195432950989018, 114.85107153103772','Test'),(173,'KPUD - Kalimantan Selatan Kab Barito Kuala','domestic','-2.9827706136703207, 114.73484172398355','Test'),(174,'KPUD - Kalimantan Selatan Kab Hulu Sungai Tengah','domestic','-2.579650172115521, 115.38453510073379','Test'),(175,'KPUD - Kalimantan Selatan Kab Hulu Sungai Utara','domestic','-2.41848412924932, 115.25323133129405','Test'),(176,'KPUD - Kalimantan Selatan Kab Kota Baru','domestic','-3.2568509167621156, 116.2096285275035','Test'),(177,'KPUD - Kalimantan Selatan Kab Tabalong','domestic','-2.1719406749510854, 115.4051541998033','Test'),(178,'KPUD - Kalimantan Selatan Kab Tanah Bumbu','domestic','-3.4850235139809587, 115.9544673642482','Test'),(179,'KPUD - Kalimantan Selatan Kab Tanah Laut','domestic','-3.80186953773342, 114.78477029574267','Test'),(180,'KPUD - Kalimantan Selatan Kab Tapin','domestic','-2.930670946741869, 115.16954289480717','Test'),(181,'KPUD - Kalimantan Selatan Kota Banjarmasin','domestic','-3.2892816911756944, 114.58823945629989','Test'),(182,'KPUD - Kalimantan Selatan Kota Banjar Baru','domestic','-3.4626604912345815, 114.81463531558092','Test'),(183,'KPUD - Kalimantan Tengah Kab Barito Selatan','domestic','-1.7229879770732037, 114.84035025858499','Test'),(184,'KPUD - Kalimantan Tengah Kab Barito Timur','domestic','-2.114064153941744, 115.16804194936151','Test'),(185,'KPUD - Kalimantan Tengah Kab Barito Utara','domestic','-0.9482125927034977, 114.89963150704124','Test'),(186,'KPUD - Kalimantan Tengah Kab Gunung Mas','domestic','-1.1247017677032511, 113.8576433991661','Test'),(187,'KPUD - Kalimantan Tengah Kab Murung Raya','domestic','-0.6261024325993976, 114.55795896720461','Test'),(188,'KPUD - Kalimantan Tengah Kab Seruyan','domestic','-3.407381920977105, 112.54587586676573','Test'),(189,'KPUD - Kalimantan Tengah Kab Sukamara','domestic','-2.762529025541832, 111.1786984126961','Test'),(190,'KPUD - Kalimantan Tengah Kota Palangkaraya','domestic','-2.1960436184955796, 113.89839450926586','Test'),(191,'KPUD - Kalimantan Timur Kab Kutai Kartanegara','domestic','-0.450949956608571, 117.00115615530844','Test'),(192,'KPUD - Kalimantan Timur Kab Kutai Timur','domestic','0.5136895548236432, 117.59848907017822','Test'),(193,'KPUD - Kalimantan Timur Kab Mahakam Hulu','domestic','0.5469178601814478, 115.20958528777427','Test'),(194,'KPUD - Kalimantan Timur Kota Balikpapan','domestic','-1.2769183507953712, 116.8096508928459','Test'),(195,'KPUD - Kalimantan Timur Kota Samarinda','domestic','-0.4836158019110913, 117.1298916982436','Test'),(196,'KPUD - Kalimantan Utara Kab Bulungan','domestic','2.8402705662823164, 117.37312085662853','Test'),(197,'KPUD - Kalimantan Utara Kab Nunukan','domestic','4.143090557825058, 117.65005629194856','Test'),(198,'KPUD - Kalimantan Utara Kab Tana Tidung','domestic','3.607639958284492, 116.9026628388186','Test'),(199,'KPUD - Kalimantan Utara Kota Tarakan','domestic','3.3079742711835847, 117.61278409532191','Test'),(200,'KPUD - Kepulauan Riau Kab Karimun','domestic','1.0183026029633517, 103.4059620025761','Test'),(201,'KPUD - Kepulauan Riau Kab Kepulauan Anambas','domestic','3.222989505018984, 106.21233506802935','Test'),(202,'KPUD - Maluku Utara Kota Ternate','domestic','0.7691592357524818, 127.36164920728585','Test'),(203,'KPUD - Nusa Tenggara Barat Kab Bima','domestic','-8.515559095779174, 118.69877663533293','Test'),(204,'KPUD - Nusa Tenggara Barat Kab Dompu','domestic','-8.537779326550705, 118.4659454924247','Test'),(205,'KPUD - Nusa Tenggara Barat Kab Lombok Utara','domestic','-8.321275672893448, 116.19859280943007','Test'),(206,'KPUD - Nusa Tenggara Barat Kab Sumbawa','domestic','-8.47716893145099, 117.4058844547264','Test'),(207,'KPUD - Nusa Tenggara Barat Kab Sumbawa Barat','domestic','-8.774390231921792, 116.82504473821086','Test'),(208,'KPUD - Nusa Tenggara Barat Kota Mataram','domestic','-8.619811427347662, 116.08757149500863','Test'),(209,'KPUD - Nusa Tenggara Timur Kab Belu','domestic','-9.105547811213786, 124.87522118066163','Test'),(210,'KPUD - Nusa Tenggara Timur Kab Manggarai','domestic','-8.622024555785812, 120.45157634326048','Test'),(211,'KPUD - Nusa Tenggara Timur Kab Manggarai Barat','domestic','-8.494787420446217, 119.89701318722217','Test'),(212,'KPUD - Nusa Tenggara Timur Kab Ngada','domestic','-8.788135314238477, 120.97260621318613','Test'),(213,'KPUD - Nusa Tenggara Timur Kab Sabu Raijua','domestic','-10.470598851166681, 121.85341260743532','Test'),(214,'KPUD - Nusa Tenggara Timur Kab Sumba Barat','domestic','-9.624017353206696, 119.38989717606462','Test'),(215,'KPUD - Nusa Tenggara Timur Kab Sumba Timur','domestic','-9.661006633994626, 120.26312572782183','Test'),(216,'KPUD - Nusa Tenggara Timur Kab Timor Tengah Utara','domestic','-9.455456769955617, 124.47541738323278','Test'),(217,'KPUD - Papua Barat Kab Raja Ampat','domestic','-0.41857319469955606, 130.83210338958267','Test'),(218,'KPUD - Papua Barat Kab Teluk Bintuni','domestic','-2.126779710799196, 133.59466778532587','Test'),(219,'KPUD - Papua Barat Kab Manokwari','domestic','-0.864641312871739, 134.07530356167186','Test'),(220,'KPUD - Sulawesi Barat Kab Majene','domestic','-3.559689486232474, 118.94354430143497','Test'),(221,'KPUD - Sulawesi Barat Kab Mamuju','domestic','-2.6829224144517965, 118.86502622167565','Test'),(222,'KPUD - Sulawesi Barat Kab Pasangkayu','domestic','-1.1919943355410751, 119.33935424890855','Test'),(223,'KPUD - Sulawesi Selatan Kab Gowa','domestic','-5.205466942375495, 119.45177307107244','Test'),(224,'KPUD - Sulawesi Selatan Kab Kepulauan Selayar','domestic','-6.118560040499549, 120.46641716311584','Test'),(225,'KPUD - Sulawesi Selatan Kab Luwu Timur','domestic','-2.6146313605381817, 121.12130239985699','Test'),(226,'KPUD - Sulawesi Selatan Kab Maros','domestic','-5.018248325527061, 119.57444616853576','Test'),(227,'KPUD - Sulawesi Selatan Kab Pangkajene dan Kepulauan','domestic','-4.837347826451776, 119.54450629941098','Test'),(228,'KPUD - Sulawesi Selatan Kab Toraja Utara','domestic','-2.9750991394512325, 119.9029602690553','Test'),(229,'KPUD - Sulawesi Selatan Kota Makassar','domestic','-5.168653549273983, 119.48780206218052','Test'),(230,'KPUD - Sulawesi Utara Kab Bolaang Mongondow Selatan','domestic','0.381714180707805, 123.98275607399201','Test'),(231,'KPUD - Sulawesi Tengah Provinsi Sulawesi Tengah','domestic','-0.8890640539401431, 119.87946468727087','Test'),(232,'KPUD - Sulawesi Tengah Kab Banggai Kepulauan','domestic','-1.3195537321592175, 123.29072007145378','Test'),(233,'KPUD - Sulawesi Tengah Kab Banggai Laut','domestic','-1.6027251298410827, 123.49892781479129','Test'),(234,'KPUD - Sulawesi Tengah Kab Buol','domestic','1.1904394161449148, 121.41893903836099','Test'),(235,'KPUD - Sulawesi Tengah Kab Donggala','domestic','-0.677982379479097, 119.74895833386559','Test'),(236,'KPUD - Sulawesi Tengah Kab Konawe Selatan','domestic','-3.851068104791619, 122.04365931296047','Test'),(237,'KPUD - Sulawesi Tengah Kab Poso','domestic','-1.3970330965662714, 120.75475566628855','Test'),(238,'KPUD - Sulawesi Tengah Kab Tolitoli','domestic','1.045262067858983, 120.81832294074972','Test'),(239,'KPUD - Sulawesi Utara Kab Kepulauan Talaud','domestic','4.006849811541861, 126.68411743528101','Test'),(240,'KPUD - Sulawesi Utara Kab Minahasa Utara','domestic','1.4184980307399624, 124.99070753371609','Test'),(241,'KPUD - Sulawesi Utara Kab Minahasa Selatan','domestic','1.1822215901425386, 124.5689560030047','Test'),(242,'KPUD - Sulawesi Utara Kab Minahasa Tenggara','domestic','1.040317120295301, 124.79412974833762','Test'),(243,'KPUD - Sulawesi Utara Kota Bitung','domestic','1.434919742447398, 125.11620474530112','Test'),(244,'KPUD - Sulawesi Utara Kota Kotamobagu','domestic','0.7357728846311122, 124.31585769740839','Test'),(245,'KPUD - Sulawesi Utara Kota Manado','domestic','1.4823932549345806, 124.84642520720061','Test'),(246,'KPUD - Provinsi Sumatera Utara','domestic','3.5991168590741762, 98.68318739561049','Test'),(247,'KPUD - Sumatera Utara Kab Asahan','domestic','2.980947452792489, 99.62305383879149','Test'),(248,'KPUD - Sumatera Utara Kab Humbang Hasundutan','domestic','2.2881641036343563, 98.71342207274948','Test'),(249,'KPUD - Sumatera Utara Kab Karo','domestic','3.0979812450898083, 98.4952038893418','Test'),(250,'KPUD - Sumatera Utara Kab Labuhan Batu','domestic','2.112971566243998, 99.82392423242945','Test'),(251,'KPUD - Sumatera Utara Kab Labuhan Batu Utara','domestic','2.1128723785501435, 99.8240218305936','Test'),(252,'KPUD - Sumatera Utara Kab Mandailing Natal','domestic','0.8648605122614252, 99.56295895313023','Test'),(253,'KPUD - Sumatera Utara Kab Nias','domestic','1.115947404899558, 97.72338277504251','Test'),(254,'KPUD - Sumatera Utara Kab Nias Selatan','domestic','0.564423233215125, 97.8188313113323','Test'),(255,'KPUD - Sumatera Utara Kab Pakpak Bharat','domestic','2.4543239318755834, 98.28695285493458','Test'),(256,'KPUD - Sumatera Utara Kab Samosir','domestic','2.5781396023344505, 98.7135560121007','Test'),(257,'KPUD - Sumatera Utara Kab Serdang Bedagai','domestic','3.508883083889492, 99.10664961762714','Test'),(258,'KPUD - Sumatera Utara Kab Toba Samosir','domestic','2.3271219279290527, 99.05138290646437','Test'),(259,'KPUD - Sumatera Utara Kab Tapanuli Selatan','domestic','1.5390780641693562, 99.29795190221859','Test'),(260,'KPUD - Sumatera Utara Kota Binjai','domestic','3.6032068083263544, 98.47826558493728','Test'),(261,'KPUD - Sumatera Utara Kota Gunungsitoli','domestic','1.2562347273172905, 97.62174649309007','Test'),(262,'KPUD - Sumatera Utara Kota Medan','domestic','3.586800790658883, 98.6688832657899','Test'),(263,'KPUD - Sumatera Utara Kota Sibolga','domestic','1.7439712926967867, 98.77569569500493','Test'),(264,'KPUD - Sumatera Utara Kota Tanjung Balai','domestic','2.950677646773822, 99.78489796028774','Test'),(265,'KPUD - Kepulauan Bangka Belitung Kab Bangka Barat','domestic','-2.062415087782552, 105.16714172266464','Test'),(266,'KPUD - Gorontalo Kab Pahuwato','domestic','0.4588978628441422, 121.9547673849106','Test'),(267,'KPUD - Provinsi Kalimantan Barat','domestic','-0.04006370454946799, 109.33280899918121','Test'),(268,'KPUD - Kalimantan Barat Kab Kapuas Hulu','domestic','0.8872650559007754, 112.92848127969424','Test'),(269,'KPUD - Kalimantan Barat Kab Ketapang','domestic','-1.8317439111841693, 109.97889871996193','Test'),(270,'KPUD - Kalimantan Barat Kab Sintang','domestic','0.06370409401594823, 111.49756799205886','Test'),(271,'KPUD - Kalimantan Selatan Kab Hulu Sungai Selatan','domestic','-2.8079656385772, 115.25876918145096','Test'),(272,'KPUD - Kalimantan Tengah Kab Kapuas','domestic','-3.0160575372698535, 114.38475515519008','Test'),(273,'KPUD - Kalimantan Tengah Kab Katingan','domestic','-1.8759848447966663, 113.40972090259812','Test'),(274,'KPUD - Kalimantan Tengah Kab Kota Waringin Barat','domestic','-2.7074847649946676, 111.64678581857046','Test'),(275,'KPUD - Kalimantan Tengah Kab Kota Waringin Timur','domestic','-2.540161549142073, 112.94922818654506','Test'),(276,'KPUD - Kalimantan Tengah Kab Lamandau','domestic','-2.1883387495308364, 111.43078915051736','Test'),(277,'KPUD - Kalimantan Tengah Kab Pulang Pisau','domestic','-2.7297568688046527, 114.26907056092337','Test'),(278,'KPUD - Kalimantan Timur Kab Berau','domestic','2.1538700749518864, 117.49593295688007','Test'),(279,'KPUD - Kalimantan Timur Kab Kutai Barat','domestic','-0.23094892809452636, 115.7038845895359','Test'),(280,'KPUD - Kalimantan Timur Kab Paser','domestic','-1.9062251565792974, 116.19063219872424','Test'),(281,'KPUD - Kalimantan Timur Kota Bontang','domestic','0.13794262556275008, 117.49804264832947','Test'),(282,'KPUD - Kalimantan Utara Kab Malinau','domestic','3.553328370252759, 116.62488104825053','Test'),(283,'KPUD - Kepulauan Riau Kab Lingga','domestic','-0.20944196420758399, 104.60158302829362','Test'),(284,'KPUD - Nusa Tenggara Barat Kab Lombok Tengah','domestic','-8.703338106521354, 116.26706483823709','Test'),(285,'KPUD - Nusa Tenggara Timur Kab Malaka','domestic','-9.557697232009563, 124.9088242870388','Test'),(286,'KPUD - Papua Kab Merauke','domestic','-8.510958722525922, 140.40733024406845','Test'),(287,'KPUD - Papua Barat Kab Sorong','domestic','-0.975656510643348, 131.34326523409342','Test'),(288,'KPUD - Papua Barat Kota Sorong','domestic','-0.8940854469695355, 131.33207180371673','Test'),(289,'KPUD - Sulawesi Barat Kab Mamuju Tengah','domestic','-2.049869793156196, 119.26530216509882','Test'),(290,'KPUD - Sulawesi Selatan Kab Barru','domestic','-4.436419973199611, 119.64990754844528','Test'),(291,'KPUD - Sulawesi Selatan Kab Bulukumba','domestic','-5.557345435488132, 120.19493529450853','Test'),(292,'KPUD - Sulawesi Selatan Kab Luwu Utara','domestic','-2.5497436182893933, 120.34414397011172','Test'),(293,'KPUD - Sulawesi Selatan Kab Soppeng','domestic','-4.366868787735181, 119.8967933105999','Test'),(294,'KPUD - Sulawesi Selatan Kab Tana Toraja','domestic','-3.0958657027708676, 119.85240588006785','Test'),(295,'KPUD - Sulawesi Tengah Kab Banggai','domestic','-0.9856977632471443, 122.78397104536367','Test'),(296,'KPUD - Sulawesi Tengah Kab Kolaka Timur','domestic','-4.05674699031366, 121.88929609474484','Test'),(297,'KPUD - Sulawesi Tengah Kab Morowali','domestic','-2.472078893828035, 121.92032721812323','Test'),(298,'KPUD - Sulawesi Tengah Kab Morowali Utara','domestic','-1.9806409805963332, 121.33787044716814','Test'),(299,'KPUD - Sulawesi Tengah Kab Parigi Moutong','domestic','-0.7983785616545453, 120.15864915590222','Test'),(300,'KPUD - Sulawesi Tengah Kab Sigi','domestic','-1.0353593626630087, 119.88622163013088','Test'),(301,'KPUD - Sulawesi Tengah Kab Wakatobi','domestic','-5.30900748710212, 123.53490867689995','Test'),(302,'KPUD - Sulawesi Tengah Kota Palu','domestic','-0.900844973128285, 119.89079399629527','Test'),(303,'KPUD - Sulawesi Utara Provinsi Sulawesi Utara','domestic','1.486481759042543, 124.84200125449597','Test'),(304,'KPUD - Sulawesi Utara Kab Minahasa','domestic','1.3153667081073628, 124.91401619484076','Test'),(305,'KPUD - Sumatera Utara Kab Labuhan Batu Selatan','domestic','1.907437215444325, 100.08946602700733','Test'),(306,'KPUD - Sumatera Utara Kab Nias Barat','domestic','1.002728765878661, 97.49548431873907','Test'),(307,'KPUD - Sumatera Utara Kab Simalungun','domestic','2.9585080775792605, 98.86128142828068','Test'),(308,'KPUD - Sumatera Utara Kota Pematang Siantar','domestic','2.9513106410978263, 99.06294678131891','Test'),(309,'Pemerintah Kabupaten Badung','domestic','-8.59772303203932, 115.2389115302524','Test'),(310,'Pemerintah Kabupaten Gianyar','domestic','-8.541130888265343, 115.32395781522739','Test'),(311,'Pemerintah Kabupaten Madiun','domestic','-7.54131338851482, 111.6533364315491','Test'),(312,'Pemerintah Kabupaten Palopo','domestic','-3.008074101664951, 120.20133334766642','Test'),(313,'Pemerintah Kabupaten Bogor','domestic','-6.479263561612056, 106.82489613146419','Test'),(314,'Pemerintah Kabupaten Bojonegoro','domestic','-7.1502384536447146, 111.88142704615755','Test'),(315,'Pemerintah Kabupaten Jombang','domestic','-7.556716475696028, 112.23443796364874','Test'),(316,'Pemerintah Kabupaten Lebak','domestic','-6.361025058576828, 106.2461791170512','Test'),(317,'Pemerintah Kabupaten Lumajang','domestic','-8.133480160185492, 113.22464503062538','Test'),(318,'Pemerintah Kabupaten Magetan','domestic','-7.656361263138224, 111.32924540788478','Test'),(319,'Pemerintah Kabupaten Tangerang','domestic','-6.269993335819631, 106.48443398778574','Test'),(320,'Pemerintah Kota Batu','domestic','-7.866336552420464, 112.51269142511958','Test'),(321,'Pemerintah Kota Bekasi','domestic','-6.235896757454134, 106.99507946965655','Test'),(322,'Pemerintah Kota Bogor','domestic','-6.595379007406247, 106.79409895010741','Test'),(323,'Pemerintah Kota Kediri','domestic','-7.812452510534252, 112.01432049373025','Test'),(324,'Pemerintah Kota Mojokerto','domestic','-7.470178467459516, 112.44043476379629','Test'),(325,'Pemerintah Kabupaten Pandeglang','domestic','-6.309735209105018, 106.10492201789604','Test'),(326,'Pemerintah Kabupaten Aceh Timur','domestic','4.927513441847617, 97.7875961096287','Test'),(327,'Pemerintah Kabupaten Anambas','domestic','3.2148245690829294, 106.24869030293512','Test'),(328,'Pemerintah Kabupaten Bangka','domestic','-1.8875553765768074, 106.1045790511288','Test'),(329,'Pemerintah Kabupaten Belitung','domestic','-2.742628353854155, 107.65443118888696','Test'),(330,'Pemerintah Kabupaten Gianyat','domestic','-8.541130615066471, 115.32396846657069','Test'),(331,'Pemerintah Kota Jambi Kota','domestic','-1.629157897079901, 103.60817214547745','Test'),(332,'Pemerintah Kabupaten Batang Hari','domestic','-1.7138761653966967, 103.26163168162871','Test'),(333,'Pemerintah Kabupaten Buol','domestic','1.1687920864158468, 121.4097162685908','Test'),(334,'Pemerintah Kabupaten Kotawaringin Timur','domestic','-2.537717225558183, 112.94098783090982','Test'),(335,'Pemerintah Kabupaten Pasuruan','domestic','-7.649215775189858, 112.90535986516817','Test'),(336,'Pemerintah Kabupaten Sinjai','domestic','-5.120161894953764, 120.23540703319367','Test'),(337,'Pemerintah Kabupaten Sumba Barat','domestic','-9.647339074977554, 119.39400346123351','Test'),(338,'Pemerintah Kabupaten Trenggalek','domestic','-8.048903352628349, 111.71057098949048','Test'),(339,'Pemerintah Kota Binjai','domestic','3.6029886732226415, 98.48319709866844','Test'),(340,'Pemerintah Kabupaten Lamongan','domestic','-7.121318948177164, 112.41537211403218','Test'),(341,'Pemerintah Kabupaten Langsa','domestic','4.4691595393186265, 97.96641960777114','Test'),(342,'Pemerintah Kota Manado','domestic','1.4843215814966486, 124.84919284282213','Test'),(343,'Pemerintah Kota Pangkalpinang','domestic','-2.141011441129344, 106.11589194409542','Test'),(344,'Pemerintah Kabupaten Seluma','domestic','-4.077639576033073, 102.55628172217173','Test'),(345,'Pemerintah Kabupaten Solok Selatan','domestic','-1.5564983140550552, 101.23952379017696','Test'),(346,'Pemerintah Kabupaten Tulungagung','domestic','-8.066175350988608, 111.90271116147385','Test'),(347,'Pemerintah Kota Probolinggo','domestic','-7.753994627902731, 113.21426817293788','Test'),(348,'Pemerintah Kabupaten Sukabumi','domestic','-6.989075960408222, 106.5507673503508','Test'),(349,'Pemerintah Kabupaten Halmahera Utara','domestic','1.7281474481278476, 127.99218771628247','Test'),(350,'Pemerintah Kota Malang','domestic','-7.978074999999997, 112.63388358199592','Test'),(351,'Pemerintah Kota Tangerang','domestic','-6.170851541358616, 106.64031321589437','Test'),(352,'Pemerintah Kabupaten Bolaang Mongondow','domestic','0.870315783006351, 124.02442511377761','Test'),(353,'Pemerintah Kota Gorontalo','domestic','0.5318817393908114, 123.05951624090983','Test'),(354,'Pemerintah Kabupaten Jembrana','domestic','-8.35667371263834, 114.63676767753815','Test'),(355,'Pemerintah Kabupaten Bekasi','domestic','-6.366215460607897, 107.17289591418384','Test'),(356,'Pemerintah Kabupaten Bolaang Mongondow Timur','domestic','0.768299307661041, 124.61322839103502','Test'),(357,'Pemerintah Kabupaten Fakfak','domestic','-2.928886603543296, 132.29363221567124','Test'),(358,'Pemerintah Kabupaten Malang','domestic','-8.141509074361487, 112.57074573716129','Test'),(359,'Pemerintah Kabupaten Sigi','domestic','-1.057791983972709, 119.95389765122682','Test'),(360,'Pemerintah Kota Batam','domestic','1.1276684116867068, 104.05547190717229','Test'),(361,'Pemerintah Kota Kotamobagu','domestic','0.7429935925258819, 124.31261019667899','Test'),(362,'Pemerintah Kabupaten Maluku Tengah','domestic','-3.3042896892874167, 128.95410329083376','Test'),(363,'Pemerintah Kabupaten Musi Rawas Utara','domestic','-2.7353653216373965, 102.9015563058943','Test'),(364,'Pemerintah Kabupaten Pacitan','domestic','-8.192869384595848, 111.10351060196643','Test'),(365,'Pemerintah Kabupaten Ponorogo','domestic','-7.8699940022586725, 111.46275541098862','Test'),(366,'Pemerintah Kota Semarang','domestic','-6.982161815406367, 110.4127245728375','Test'),(367,'Pemerintah Kabupaten Situbondo','domestic','-7.707570483401502, 114.00173071612727','Test'),(368,'Pemerintah Kabupaten Subang','domestic','-6.571544998162861, 107.76239643161809','Test'),(369,'Pemerintah Kabupaten Sungai Penuh','domestic','-2.070930199097722, 101.39608446006353','Test'),(370,'Pemerintah Kabupaten Tanah Datar','domestic','-0.4744678930871217, 100.62345606469515','Test'),(371,'Pemerintah Kabupaten Tana Toraja','domestic','-3.0867377969572325, 119.85702729619587','Test'),(372,'Pemerintah Kabupaten Kepahiang','domestic','-3.6252659283313013, 102.5562558009763','Test');
/*!40000 ALTER TABLE `institution` ENABLE KEYS */;
UNLOCK TABLES;
DROP TABLE IF EXISTS `migrations`;
/*!40101 SET @saved_cs_client     = @@character_set_client */;
/*!40101 SET character_set_client = utf8 */;
CREATE TABLE `migrations` (
  `id` int(10) unsigned NOT NULL AUTO_INCREMENT,
  `migration` varchar(255) COLLATE utf8mb4_unicode_ci NOT NULL,
  `batch` int(11) NOT NULL,
  PRIMARY KEY (`id`)
) ENGINE=InnoDB AUTO_INCREMENT=11 DEFAULT CHARSET=utf8mb4 COLLATE=utf8mb4_unicode_ci;
/*!40101 SET character_set_client = @saved_cs_client */;

LOCK TABLES `migrations` WRITE;
/*!40000 ALTER TABLE `migrations` DISABLE KEYS */;
INSERT INTO `migrations` VALUES (1,'2014_10_12_100000_create_password_resets_table',1),(2,'2019_08_19_000000_create_failed_jobs_table',1),(3,'2021_07_30_172323_create_privilege_table',1),(4,'2021_07_30_172452_create_group_table',1),(5,'2021_07_30_173258_create_tran_privilege_group',1),(6,'2021_07_30_173535_create_users_table',1),(7,'2021_07_30_175050_create_audit_trail_table',1),(8,'2022_04_05_090000_create_institution_table',1),(9,'2022_04_05_090100_create_sensors_table',1),(10,'2022_04_05_090200_create_tran_institution_sensors_table',1);
/*!40000 ALTER TABLE `migrations` ENABLE KEYS */;
UNLOCK TABLES;
DROP TABLE IF EXISTS `password_resets`;
/*!40101 SET @saved_cs_client     = @@character_set_client */;
/*!40101 SET character_set_client = utf8 */;
CREATE TABLE `password_resets` (
  `email` varchar(255) COLLATE utf8mb4_unicode_ci NOT NULL,
  `token` varchar(255) COLLATE utf8mb4_unicode_ci NOT NULL,
  `created_at` timestamp NULL DEFAULT NULL,
  KEY `password_resets_email_index` (`email`)
) ENGINE=InnoDB DEFAULT CHARSET=utf8mb4 COLLATE=utf8mb4_unicode_ci;
/*!40101 SET character_set_client = @saved_cs_client */;

LOCK TABLES `password_resets` WRITE;
/*!40000 ALTER TABLE `password_resets` DISABLE KEYS */;
/*!40000 ALTER TABLE `password_resets` ENABLE KEYS */;
UNLOCK TABLES;
DROP TABLE IF EXISTS `privilege`;
/*!40101 SET @saved_cs_client     = @@character_set_client */;
/*!40101 SET character_set_client = utf8 */;
CREATE TABLE `privilege` (
  `id` bigint(20) unsigned NOT NULL AUTO_INCREMENT,
  `name` varchar(255) COLLATE utf8mb4_unicode_ci NOT NULL,
  `label` varchar(255) COLLATE utf8mb4_unicode_ci NOT NULL,
  `type` varchar(255) COLLATE utf8mb4_unicode_ci NOT NULL,
  `description` varchar(255) COLLATE utf8mb4_unicode_ci NOT NULL,
  PRIMARY KEY (`id`)
) ENGINE=InnoDB AUTO_INCREMENT=21 DEFAULT CHARSET=utf8mb4 COLLATE=utf8mb4_unicode_ci;
/*!40101 SET character_set_client = @saved_cs_client */;

LOCK TABLES `privilege` WRITE;
/*!40000 ALTER TABLE `privilege` DISABLE KEYS */;
INSERT INTO `privilege` VALUES (1,'user_setup','User Setup','Create','User setup menu - create'),(2,'user_setup','User Setup','Read','User setup menu - read'),(3,'user_setup','User Setup','Update','User setup menu - update'),(4,'user_setup','User Setup','Delete','User setup menu - delete'),(5,'group_setup','Group Setup','Create','Group setup menu - create'),(6,'group_setup','Group Setup','Read','Group setup menu - read'),(7,'group_setup','Group Setup','Update','Group setup menu - update'),(8,'group_setup','Group Setup','Delete','Group setup menu - delete'),(9,'institution_setup','Institution Setup','Create','Institution setup menu - create'),(10,'institution_setup','Institution Setup','Read','Institution setup menu - read'),(11,'institution_setup','Institution Setup','Update','Institution setup menu - update'),(12,'institution_setup','Institution Setup','Delete','Institution setup menu - delete'),(13,'sensors_setup','Sensors Setup','Create','Sensors setup menu - create'),(14,'sensors_setup','Sensors Setup','Read','Sensors setup menu - read'),(15,'sensors_setup','Sensors Setup','Update','Sensors setup menu - update'),(16,'sensors_setup','Sensors Setup','Delete','Sensors setup menu - delete'),(17,'institution_sensors_setup','Institution Sensors Setup','Create','Institution Sensors setup menu - create'),(18,'institution_sensors_setup','Institution Sensors Setup','Read','Institution Sensors setup menu - read'),(19,'institution_sensors_setup','Institution Sensors Setup','Update','Institution Sensors setup menu - update'),(20,'institution_sensors_setup','Institution Sensors Setup','Delete','Institution Sensors setup menu - delete');
/*!40000 ALTER TABLE `privilege` ENABLE KEYS */;
UNLOCK TABLES;
DROP TABLE IF EXISTS `sensors`;
/*!40101 SET @saved_cs_client     = @@character_set_client */;
/*!40101 SET character_set_client = utf8 */;
CREATE TABLE `sensors` (
  `id` bigint(20) unsigned NOT NULL AUTO_INCREMENT,
  `name` varchar(255) COLLATE utf8mb4_unicode_ci NOT NULL,
  `description` varchar(255) COLLATE utf8mb4_unicode_ci NOT NULL,
  PRIMARY KEY (`id`),
  UNIQUE KEY `sensors_name_unique` (`name`)
) ENGINE=InnoDB AUTO_INCREMENT=5 DEFAULT CHARSET=utf8mb4 COLLATE=utf8mb4_unicode_ci;
/*!40101 SET character_set_client = @saved_cs_client */;

LOCK TABLES `sensors` WRITE;
/*!40000 ALTER TABLE `sensors` DISABLE KEYS */;
INSERT INTO `sensors` VALUES (1,'Forcepoint','test'),(2,'FireEye','test'),(3,'Palo Alto','test'),(4,'Fortinet','test');
/*!40000 ALTER TABLE `sensors` ENABLE KEYS */;
UNLOCK TABLES;
DROP TABLE IF EXISTS `tran_institution_sensors`;
/*!40101 SET @saved_cs_client     = @@character_set_client */;
/*!40101 SET character_set_client = utf8 */;
CREATE TABLE `tran_institution_sensors` (
  `id` bigint(20) unsigned NOT NULL AUTO_INCREMENT,
  `institution_id` bigint(20) unsigned NOT NULL,
  `sensors_id` bigint(20) unsigned NOT NULL,
  `serial_number` varchar(255) COLLATE utf8mb4_unicode_ci DEFAULT NULL,
  `expired_date` date DEFAULT NULL,
  `remember_token` varchar(100) COLLATE utf8mb4_unicode_ci DEFAULT NULL,
  `created_at` timestamp NULL DEFAULT NULL,
  `updated_at` timestamp NULL DEFAULT NULL,
  PRIMARY KEY (`id`),
  KEY `tran_institution_sensors_institution_id_foreign` (`institution_id`),
  KEY `tran_institution_sensors_sensors_id_foreign` (`sensors_id`),
  CONSTRAINT `tran_institution_sensors_institution_id_foreign` FOREIGN KEY (`institution_id`) REFERENCES `institution` (`id`),
  CONSTRAINT `tran_institution_sensors_sensors_id_foreign` FOREIGN KEY (`sensors_id`) REFERENCES `sensors` (`id`)
) ENGINE=InnoDB AUTO_INCREMENT=373 DEFAULT CHARSET=utf8mb4 COLLATE=utf8mb4_unicode_ci;
/*!40101 SET character_set_client = @saved_cs_client */;

LOCK TABLES `tran_institution_sensors` WRITE;
/*!40000 ALTER TABLE `tran_institution_sensors` DISABLE KEYS */;
INSERT INTO `tran_institution_sensors` VALUES (1,1,1,NULL,NULL,NULL,NULL,NULL),(2,2,1,NULL,NULL,NULL,NULL,NULL),(3,3,1,NULL,NULL,NULL,NULL,NULL),(4,4,1,NULL,NULL,NULL,NULL,NULL),(5,5,1,NULL,NULL,NULL,NULL,NULL),(6,6,1,NULL,NULL,NULL,NULL,NULL),(7,7,1,NULL,NULL,NULL,NULL,NULL),(8,8,1,NULL,NULL,NULL,NULL,NULL),(9,9,1,NULL,NULL,NULL,NULL,NULL),(10,10,1,NULL,NULL,NULL,NULL,NULL),(11,11,1,NULL,NULL,NULL,NULL,NULL),(12,12,1,NULL,NULL,NULL,NULL,NULL),(13,13,1,NULL,NULL,NULL,NULL,NULL),(14,14,2,NULL,NULL,NULL,NULL,NULL),(15,15,2,NULL,NULL,NULL,NULL,NULL),(16,16,4,NULL,NULL,NULL,NULL,NULL),(17,17,3,NULL,NULL,NULL,NULL,NULL),(18,18,3,NULL,NULL,NULL,NULL,NULL),(19,19,3,NULL,NULL,NULL,NULL,NULL),(20,20,3,NULL,NULL,NULL,NULL,NULL),(21,21,3,NULL,NULL,NULL,NULL,NULL),(22,22,3,NULL,NULL,NULL,NULL,NULL),(23,23,3,NULL,NULL,NULL,NULL,NULL),(24,24,3,NULL,NULL,NULL,NULL,NULL),(25,25,3,NULL,NULL,NULL,NULL,NULL),(26,26,3,NULL,NULL,NULL,NULL,NULL),(27,27,3,NULL,NULL,NULL,NULL,NULL),(28,28,3,NULL,NULL,NULL,NULL,NULL),(29,29,3,NULL,NULL,NULL,NULL,NULL),(30,30,3,NULL,NULL,NULL,NULL,NULL),(31,31,3,NULL,NULL,NULL,NULL,NULL),(32,32,3,NULL,NULL,NULL,NULL,NULL),(33,33,3,NULL,NULL,NULL,NULL,NULL),(34,34,3,NULL,NULL,NULL,NULL,NULL),(35,35,3,NULL,NULL,NULL,NULL,NULL),(36,36,3,NULL,NULL,NULL,NULL,NULL),(37,37,3,NULL,NULL,NULL,NULL,NULL),(38,38,3,NULL,NULL,NULL,NULL,NULL),(39,39,3,NULL,NULL,NULL,NULL,NULL),(40,40,3,NULL,NULL,NULL,NULL,NULL),(41,41,3,NULL,NULL,NULL,NULL,NULL),(42,42,4,NULL,NULL,NULL,NULL,NULL),(43,43,4,NULL,NULL,NULL,NULL,NULL),(44,44,4,NULL,NULL,NULL,NULL,NULL),(45,45,4,NULL,NULL,NULL,NULL,NULL),(46,46,4,NULL,NULL,NULL,NULL,NULL),(47,47,4,NULL,NULL,NULL,NULL,NULL),(48,48,4,NULL,NULL,NULL,NULL,NULL),(49,49,4,NULL,NULL,NULL,NULL,NULL),(50,50,4,NULL,NULL,NULL,NULL,NULL),(51,51,4,NULL,NULL,NULL,NULL,NULL),(52,52,4,NULL,NULL,NULL,NULL,NULL),(53,53,4,NULL,NULL,NULL,NULL,NULL),(54,54,4,NULL,NULL,NULL,NULL,NULL),(55,55,4,NULL,NULL,NULL,NULL,NULL),(56,56,4,NULL,NULL,NULL,NULL,NULL),(57,57,4,NULL,NULL,NULL,NULL,NULL),(58,58,4,NULL,NULL,NULL,NULL,NULL),(59,59,4,NULL,NULL,NULL,NULL,NULL),(60,60,4,NULL,NULL,NULL,NULL,NULL),(61,61,4,NULL,NULL,NULL,NULL,NULL),(62,62,4,NULL,NULL,NULL,NULL,NULL),(63,63,4,NULL,NULL,NULL,NULL,NULL),(64,64,4,NULL,NULL,NULL,NULL,NULL),(65,65,4,NULL,NULL,NULL,NULL,NULL),(66,66,4,NULL,NULL,NULL,NULL,NULL),(67,67,4,NULL,NULL,NULL,NULL,NULL),(68,68,4,NULL,NULL,NULL,NULL,NULL),(69,69,4,NULL,NULL,NULL,NULL,NULL),(70,70,4,NULL,NULL,NULL,NULL,NULL),(71,71,4,NULL,NULL,NULL,NULL,NULL),(72,72,4,NULL,NULL,NULL,NULL,NULL),(73,73,4,NULL,NULL,NULL,NULL,NULL),(74,74,4,NULL,NULL,NULL,NULL,NULL),(75,75,4,NULL,NULL,NULL,NULL,NULL),(76,76,4,NULL,NULL,NULL,NULL,NULL),(77,77,4,NULL,NULL,NULL,NULL,NULL),(78,78,4,NULL,NULL,NULL,NULL,NULL),(79,79,4,NULL,NULL,NULL,NULL,NULL),(80,80,4,NULL,NULL,NULL,NULL,NULL),(81,81,4,NULL,NULL,NULL,NULL,NULL),(82,82,4,NULL,NULL,NULL,NULL,NULL),(83,83,4,NULL,NULL,NULL,NULL,NULL),(84,84,4,NULL,NULL,NULL,NULL,NULL),(85,85,4,NULL,NULL,NULL,NULL,NULL),(86,86,4,NULL,NULL,NULL,NULL,NULL),(87,87,4,NULL,NULL,NULL,NULL,NULL),(88,88,4,NULL,NULL,NULL,NULL,NULL),(89,89,4,NULL,NULL,NULL,NULL,NULL),(90,90,4,NULL,NULL,NULL,NULL,NULL),(91,91,4,NULL,NULL,NULL,NULL,NULL),(92,92,4,NULL,NULL,NULL,NULL,NULL),(93,93,4,NULL,NULL,NULL,NULL,NULL),(94,94,4,NULL,NULL,NULL,NULL,NULL),(95,95,4,NULL,NULL,NULL,NULL,NULL),(96,96,4,NULL,NULL,NULL,NULL,NULL),(97,97,4,NULL,NULL,NULL,NULL,NULL),(98,98,4,NULL,NULL,NULL,NULL,NULL),(99,99,4,NULL,NULL,NULL,NULL,NULL),(100,100,4,NULL,NULL,NULL,NULL,NULL),(101,101,4,NULL,NULL,NULL,NULL,NULL),(102,102,4,NULL,NULL,NULL,NULL,NULL),(103,103,4,NULL,NULL,NULL,NULL,NULL),(104,104,4,NULL,NULL,NULL,NULL,NULL),(105,105,4,NULL,NULL,NULL,NULL,NULL),(106,106,4,NULL,NULL,NULL,NULL,NULL),(107,107,4,NULL,NULL,NULL,NULL,NULL),(108,108,4,NULL,NULL,NULL,NULL,NULL),(109,109,4,NULL,NULL,NULL,NULL,NULL),(110,110,4,NULL,NULL,NULL,NULL,NULL),(111,111,4,NULL,NULL,NULL,NULL,NULL),(112,112,4,NULL,NULL,NULL,NULL,NULL),(113,113,4,NULL,NULL,NULL,NULL,NULL),(114,114,4,NULL,NULL,NULL,NULL,NULL),(115,115,4,NULL,NULL,NULL,NULL,NULL),(116,116,4,NULL,NULL,NULL,NULL,NULL),(117,117,4,NULL,NULL,NULL,NULL,NULL),(118,118,4,NULL,NULL,NULL,NULL,NULL),(119,119,4,NULL,NULL,NULL,NULL,NULL),(120,120,4,NULL,NULL,NULL,NULL,NULL),(121,121,4,NULL,NULL,NULL,NULL,NULL),(122,122,4,NULL,NULL,NULL,NULL,NULL),(123,123,4,NULL,NULL,NULL,NULL,NULL),(124,124,4,NULL,NULL,NULL,NULL,NULL),(125,125,4,NULL,NULL,NULL,NULL,NULL),(126,126,4,NULL,NULL,NULL,NULL,NULL),(127,127,4,NULL,NULL,NULL,NULL,NULL),(128,128,4,NULL,NULL,NULL,NULL,NULL),(129,129,4,NULL,NULL,NULL,NULL,NULL),(130,130,4,NULL,NULL,NULL,NULL,NULL),(131,131,4,NULL,NULL,NULL,NULL,NULL),(132,132,4,NULL,NULL,NULL,NULL,NULL),(133,133,4,NULL,NULL,NULL,NULL,NULL),(134,134,4,NULL,NULL,NULL,NULL,NULL),(135,135,4,NULL,NULL,NULL,NULL,NULL),(136,136,4,NULL,NULL,NULL,NULL,NULL),(137,137,4,NULL,NULL,NULL,NULL,NULL),(138,138,4,NULL,NULL,NULL,NULL,NULL),(139,139,4,NULL,NULL,NULL,NULL,NULL),(140,140,4,NULL,NULL,NULL,NULL,NULL),(141,141,4,NULL,NULL,NULL,NULL,NULL),(142,142,4,NULL,NULL,NULL,NULL,NULL),(143,143,4,NULL,NULL,NULL,NULL,NULL),(144,144,4,NULL,NULL,NULL,NULL,NULL),(145,145,4,NULL,NULL,NULL,NULL,NULL),(146,146,4,NULL,NULL,NULL,NULL,NULL),(147,147,4,NULL,NULL,NULL,NULL,NULL),(148,148,4,NULL,NULL,NULL,NULL,NULL),(149,149,4,NULL,NULL,NULL,NULL,NULL),(150,150,4,NULL,NULL,NULL,NULL,NULL),(151,151,4,NULL,NULL,NULL,NULL,NULL),(152,152,4,NULL,NULL,NULL,NULL,NULL),(153,153,4,NULL,NULL,NULL,NULL,NULL),(154,154,4,NULL,NULL,NULL,NULL,NULL),(155,155,4,NULL,NULL,NULL,NULL,NULL),(156,156,4,NULL,NULL,NULL,NULL,NULL),(157,157,4,NULL,NULL,NULL,NULL,NULL),(158,158,4,NULL,NULL,NULL,NULL,NULL),(159,159,4,NULL,NULL,NULL,NULL,NULL),(160,160,4,NULL,NULL,NULL,NULL,NULL),(161,161,4,NULL,NULL,NULL,NULL,NULL),(162,162,4,NULL,NULL,NULL,NULL,NULL),(163,163,4,NULL,NULL,NULL,NULL,NULL),(164,164,4,NULL,NULL,NULL,NULL,NULL),(165,165,4,NULL,NULL,NULL,NULL,NULL),(166,166,4,NULL,NULL,NULL,NULL,NULL),(167,167,4,NULL,NULL,NULL,NULL,NULL),(168,168,4,NULL,NULL,NULL,NULL,NULL),(169,169,4,NULL,NULL,NULL,NULL,NULL),(170,170,4,NULL,NULL,NULL,NULL,NULL),(171,171,4,NULL,NULL,NULL,NULL,NULL),(172,172,4,NULL,NULL,NULL,NULL,NULL),(173,173,4,NULL,NULL,NULL,NULL,NULL),(174,174,4,NULL,NULL,NULL,NULL,NULL),(175,175,4,NULL,NULL,NULL,NULL,NULL),(176,176,4,NULL,NULL,NULL,NULL,NULL),(177,177,4,NULL,NULL,NULL,NULL,NULL),(178,178,4,NULL,NULL,NULL,NULL,NULL),(179,179,4,NULL,NULL,NULL,NULL,NULL),(180,180,4,NULL,NULL,NULL,NULL,NULL),(181,181,4,NULL,NULL,NULL,NULL,NULL),(182,182,4,NULL,NULL,NULL,NULL,NULL),(183,183,4,NULL,NULL,NULL,NULL,NULL),(184,184,4,NULL,NULL,NULL,NULL,NULL),(185,185,4,NULL,NULL,NULL,NULL,NULL),(186,186,4,NULL,NULL,NULL,NULL,NULL),(187,187,4,NULL,NULL,NULL,NULL,NULL),(188,188,4,NULL,NULL,NULL,NULL,NULL),(189,189,4,NULL,NULL,NULL,NULL,NULL),(190,190,4,NULL,NULL,NULL,NULL,NULL),(191,191,4,NULL,NULL,NULL,NULL,NULL),(192,192,4,NULL,NULL,NULL,NULL,NULL),(193,193,4,NULL,NULL,NULL,NULL,NULL),(194,194,4,NULL,NULL,NULL,NULL,NULL),(195,195,4,NULL,NULL,NULL,NULL,NULL),(196,196,4,NULL,NULL,NULL,NULL,NULL),(197,197,4,NULL,NULL,NULL,NULL,NULL),(198,198,4,NULL,NULL,NULL,NULL,NULL),(199,199,4,NULL,NULL,NULL,NULL,NULL),(200,200,4,NULL,NULL,NULL,NULL,NULL),(201,201,4,NULL,NULL,NULL,NULL,NULL),(202,202,4,NULL,NULL,NULL,NULL,NULL),(203,203,4,NULL,NULL,NULL,NULL,NULL),(204,204,4,NULL,NULL,NULL,NULL,NULL),(205,205,4,NULL,NULL,NULL,NULL,NULL),(206,206,4,NULL,NULL,NULL,NULL,NULL),(207,207,4,NULL,NULL,NULL,NULL,NULL),(208,208,4,NULL,NULL,NULL,NULL,NULL),(209,209,4,NULL,NULL,NULL,NULL,NULL),(210,210,4,NULL,NULL,NULL,NULL,NULL),(211,211,4,NULL,NULL,NULL,NULL,NULL),(212,212,4,NULL,NULL,NULL,NULL,NULL),(213,213,4,NULL,NULL,NULL,NULL,NULL),(214,214,4,NULL,NULL,NULL,NULL,NULL),(215,215,4,NULL,NULL,NULL,NULL,NULL),(216,216,4,NULL,NULL,NULL,NULL,NULL),(217,217,4,NULL,NULL,NULL,NULL,NULL),(218,218,4,NULL,NULL,NULL,NULL,NULL),(219,219,4,NULL,NULL,NULL,NULL,NULL),(220,220,4,NULL,NULL,NULL,NULL,NULL),(221,221,4,NULL,NULL,NULL,NULL,NULL),(222,222,4,NULL,NULL,NULL,NULL,NULL),(223,223,4,NULL,NULL,NULL,NULL,NULL),(224,224,4,NULL,NULL,NULL,NULL,NULL),(225,225,4,NULL,NULL,NULL,NULL,NULL),(226,226,4,NULL,NULL,NULL,NULL,NULL),(227,227,4,NULL,NULL,NULL,NULL,NULL),(228,228,4,NULL,NULL,NULL,NULL,NULL),(229,229,4,NULL,NULL,NULL,NULL,NULL),(230,230,4,NULL,NULL,NULL,NULL,NULL),(231,231,4,NULL,NULL,NULL,NULL,NULL),(232,232,4,NULL,NULL,NULL,NULL,NULL),(233,233,4,NULL,NULL,NULL,NULL,NULL),(234,234,4,NULL,NULL,NULL,NULL,NULL),(235,235,4,NULL,NULL,NULL,NULL,NULL),(236,236,4,NULL,NULL,NULL,NULL,NULL),(237,237,4,NULL,NULL,NULL,NULL,NULL),(238,238,4,NULL,NULL,NULL,NULL,NULL),(239,239,4,NULL,NULL,NULL,NULL,NULL),(240,240,4,NULL,NULL,NULL,NULL,NULL),(241,241,4,NULL,NULL,NULL,NULL,NULL),(242,242,4,NULL,NULL,NULL,NULL,NULL),(243,243,4,NULL,NULL,NULL,NULL,NULL),(244,244,4,NULL,NULL,NULL,NULL,NULL),(245,245,4,NULL,NULL,NULL,NULL,NULL),(246,246,4,NULL,NULL,NULL,NULL,NULL),(247,247,4,NULL,NULL,NULL,NULL,NULL),(248,248,4,NULL,NULL,NULL,NULL,NULL),(249,249,4,NULL,NULL,NULL,NULL,NULL),(250,250,4,NULL,NULL,NULL,NULL,NULL),(251,251,4,NULL,NULL,NULL,NULL,NULL),(252,252,4,NULL,NULL,NULL,NULL,NULL),(253,253,4,NULL,NULL,NULL,NULL,NULL),(254,254,4,NULL,NULL,NULL,NULL,NULL),(255,255,4,NULL,NULL,NULL,NULL,NULL),(256,256,4,NULL,NULL,NULL,NULL,NULL),(257,257,4,NULL,NULL,NULL,NULL,NULL),(258,258,4,NULL,NULL,NULL,NULL,NULL),(259,259,4,NULL,NULL,NULL,NULL,NULL),(260,260,4,NULL,NULL,NULL,NULL,NULL),(261,261,4,NULL,NULL,NULL,NULL,NULL),(262,262,4,NULL,NULL,NULL,NULL,NULL),(263,263,4,NULL,NULL,NULL,NULL,NULL),(264,264,4,NULL,NULL,NULL,NULL,NULL),(265,265,4,NULL,NULL,NULL,NULL,NULL),(266,266,4,NULL,NULL,NULL,NULL,NULL),(267,267,4,NULL,NULL,NULL,NULL,NULL),(268,268,4,NULL,NULL,NULL,NULL,NULL),(269,269,4,NULL,NULL,NULL,NULL,NULL),(270,270,4,NULL,NULL,NULL,NULL,NULL),(271,271,4,NULL,NULL,NULL,NULL,NULL),(272,272,4,NULL,NULL,NULL,NULL,NULL),(273,273,4,NULL,NULL,NULL,NULL,NULL),(274,274,4,NULL,NULL,NULL,NULL,NULL),(275,275,4,NULL,NULL,NULL,NULL,NULL),(276,276,4,NULL,NULL,NULL,NULL,NULL),(277,277,4,NULL,NULL,NULL,NULL,NULL),(278,278,4,NULL,NULL,NULL,NULL,NULL),(279,279,4,NULL,NULL,NULL,NULL,NULL),(280,280,4,NULL,NULL,NULL,NULL,NULL),(281,281,4,NULL,NULL,NULL,NULL,NULL),(282,282,4,NULL,NULL,NULL,NULL,NULL),(283,283,4,NULL,NULL,NULL,NULL,NULL),(284,284,4,NULL,NULL,NULL,NULL,NULL),(285,285,4,NULL,NULL,NULL,NULL,NULL),(286,286,4,NULL,NULL,NULL,NULL,NULL),(287,287,4,NULL,NULL,NULL,NULL,NULL),(288,288,4,NULL,NULL,NULL,NULL,NULL),(289,289,4,NULL,NULL,NULL,NULL,NULL),(290,290,4,NULL,NULL,NULL,NULL,NULL),(291,291,4,NULL,NULL,NULL,NULL,NULL),(292,292,4,NULL,NULL,NULL,NULL,NULL),(293,293,4,NULL,NULL,NULL,NULL,NULL),(294,294,4,NULL,NULL,NULL,NULL,NULL),(295,295,4,NULL,NULL,NULL,NULL,NULL),(296,296,4,NULL,NULL,NULL,NULL,NULL),(297,297,4,NULL,NULL,NULL,NULL,NULL),(298,298,4,NULL,NULL,NULL,NULL,NULL),(299,299,4,NULL,NULL,NULL,NULL,NULL),(300,300,4,NULL,NULL,NULL,NULL,NULL),(301,301,4,NULL,NULL,NULL,NULL,NULL),(302,302,4,NULL,NULL,NULL,NULL,NULL),(303,303,4,NULL,NULL,NULL,NULL,NULL),(304,304,4,NULL,NULL,NULL,NULL,NULL),(305,305,4,NULL,NULL,NULL,NULL,NULL),(306,306,4,NULL,NULL,NULL,NULL,NULL),(307,307,4,NULL,NULL,NULL,NULL,NULL),(308,308,4,NULL,NULL,NULL,NULL,NULL),(309,309,4,NULL,NULL,NULL,NULL,NULL),(310,310,4,NULL,NULL,NULL,NULL,NULL),(311,311,4,NULL,NULL,NULL,NULL,NULL),(312,312,4,NULL,NULL,NULL,NULL,NULL),(313,313,4,NULL,NULL,NULL,NULL,NULL),(314,314,4,NULL,NULL,NULL,NULL,NULL),(315,315,4,NULL,NULL,NULL,NULL,NULL),(316,316,4,NULL,NULL,NULL,NULL,NULL),(317,317,4,NULL,NULL,NULL,NULL,NULL),(318,318,4,NULL,NULL,NULL,NULL,NULL),(319,319,4,NULL,NULL,NULL,NULL,NULL),(320,320,4,NULL,NULL,NULL,NULL,NULL),(321,321,4,NULL,NULL,NULL,NULL,NULL),(322,322,4,NULL,NULL,NULL,NULL,NULL),(323,323,4,NULL,NULL,NULL,NULL,NULL),(324,324,4,NULL,NULL,NULL,NULL,NULL),(325,325,4,NULL,NULL,NULL,NULL,NULL),(326,326,4,NULL,NULL,NULL,NULL,NULL),(327,327,4,NULL,NULL,NULL,NULL,NULL),(328,328,4,NULL,NULL,NULL,NULL,NULL),(329,329,4,NULL,NULL,NULL,NULL,NULL),(330,330,4,NULL,NULL,NULL,NULL,NULL),(331,331,4,NULL,NULL,NULL,NULL,NULL),(332,332,4,NULL,NULL,NULL,NULL,NULL),(333,333,4,NULL,NULL,NULL,NULL,NULL),(334,334,4,NULL,NULL,NULL,NULL,NULL),(335,335,4,NULL,NULL,NULL,NULL,NULL),(336,336,4,NULL,NULL,NULL,NULL,NULL),(337,337,4,NULL,NULL,NULL,NULL,NULL),(338,338,4,NULL,NULL,NULL,NULL,NULL),(339,339,4,NULL,NULL,NULL,NULL,NULL),(340,340,4,NULL,NULL,NULL,NULL,NULL),(341,341,4,NULL,NULL,NULL,NULL,NULL),(342,342,4,NULL,NULL,NULL,NULL,NULL),(343,343,4,NULL,NULL,NULL,NULL,NULL),(344,344,4,NULL,NULL,NULL,NULL,NULL),(345,345,4,NULL,NULL,NULL,NULL,NULL),(346,346,4,NULL,NULL,NULL,NULL,NULL),(347,347,4,NULL,NULL,NULL,NULL,NULL),(348,348,4,NULL,NULL,NULL,NULL,NULL),(349,349,4,NULL,NULL,NULL,NULL,NULL),(350,350,4,NULL,NULL,NULL,NULL,NULL),(351,351,4,NULL,NULL,NULL,NULL,NULL),(352,352,4,NULL,NULL,NULL,NULL,NULL),(353,353,4,NULL,NULL,NULL,NULL,NULL),(354,354,4,NULL,NULL,NULL,NULL,NULL),(355,355,4,NULL,NULL,NULL,NULL,NULL),(356,356,4,NULL,NULL,NULL,NULL,NULL),(357,357,4,NULL,NULL,NULL,NULL,NULL),(358,358,4,NULL,NULL,NULL,NULL,NULL),(359,359,4,NULL,NULL,NULL,NULL,NULL),(360,360,4,NULL,NULL,NULL,NULL,NULL),(361,361,4,NULL,NULL,NULL,NULL,NULL),(362,362,4,NULL,NULL,NULL,NULL,NULL),(363,363,4,NULL,NULL,NULL,NULL,NULL),(364,364,4,NULL,NULL,NULL,NULL,NULL),(365,365,4,NULL,NULL,NULL,NULL,NULL),(366,366,4,NULL,NULL,NULL,NULL,NULL),(367,367,4,NULL,NULL,NULL,NULL,NULL),(368,368,4,NULL,NULL,NULL,NULL,NULL),(369,369,4,NULL,NULL,NULL,NULL,NULL),(370,370,4,NULL,NULL,NULL,NULL,NULL),(371,371,4,NULL,NULL,NULL,NULL,NULL),(372,372,4,NULL,NULL,NULL,NULL,NULL);
/*!40000 ALTER TABLE `tran_institution_sensors` ENABLE KEYS */;
UNLOCK TABLES;
DROP TABLE IF EXISTS `tran_privilege_group`;
/*!40101 SET @saved_cs_client     = @@character_set_client */;
/*!40101 SET character_set_client = utf8 */;
CREATE TABLE `tran_privilege_group` (
  `group_id` bigint(20) unsigned NOT NULL,
  `privilege_id` bigint(20) unsigned NOT NULL,
  KEY `tran_privilege_group_group_id_foreign` (`group_id`),
  KEY `tran_privilege_group_privilege_id_foreign` (`privilege_id`),
  CONSTRAINT `tran_privilege_group_group_id_foreign` FOREIGN KEY (`group_id`) REFERENCES `group` (`id`),
  CONSTRAINT `tran_privilege_group_privilege_id_foreign` FOREIGN KEY (`privilege_id`) REFERENCES `privilege` (`id`)
) ENGINE=InnoDB DEFAULT CHARSET=utf8mb4 COLLATE=utf8mb4_unicode_ci;
/*!40101 SET character_set_client = @saved_cs_client */;

LOCK TABLES `tran_privilege_group` WRITE;
/*!40000 ALTER TABLE `tran_privilege_group` DISABLE KEYS */;
INSERT INTO `tran_privilege_group` VALUES (1,1),(1,2),(1,3),(1,4),(1,5),(1,6),(1,7),(1,8),(1,9),(1,10),(1,11),(1,12),(1,13),(1,14),(1,15),(1,16),(1,17),(1,18),(1,19),(1,20),(2,9),(2,10),(2,13),(2,14),(2,17),(2,18);
/*!40000 ALTER TABLE `tran_privilege_group` ENABLE KEYS */;
UNLOCK TABLES;
DROP TABLE IF EXISTS `users`;
/*!40101 SET @saved_cs_client     = @@character_set_client */;
/*!40101 SET character_set_client = utf8 */;
CREATE TABLE `users` (
  `id` bigint(20) unsigned NOT NULL AUTO_INCREMENT,
  `username` varchar(255) COLLATE utf8mb4_unicode_ci NOT NULL,
  `employee_number` varchar(255) COLLATE utf8mb4_unicode_ci NOT NULL,
  `first_name` varchar(255) COLLATE utf8mb4_unicode_ci NOT NULL,
  `last_name` varchar(255) COLLATE utf8mb4_unicode_ci NOT NULL,
  `email` varchar(255) COLLATE utf8mb4_unicode_ci NOT NULL,
  `email_verified_at` timestamp NULL DEFAULT NULL,
  `phone` varchar(255) COLLATE utf8mb4_unicode_ci NOT NULL,
  `phone_verified_at` timestamp NULL DEFAULT NULL,
  `password` varchar(255) COLLATE utf8mb4_unicode_ci NOT NULL,
  `birth_of_date` date NOT NULL,
  `address` varchar(255) COLLATE utf8mb4_unicode_ci NOT NULL,
  `group_id` bigint(20) unsigned NOT NULL,
  `remember_token` varchar(100) COLLATE utf8mb4_unicode_ci DEFAULT NULL,
  `created_at` timestamp NULL DEFAULT NULL,
  `updated_at` timestamp NULL DEFAULT NULL,
  PRIMARY KEY (`id`),
  UNIQUE KEY `users_username_unique` (`username`),
  UNIQUE KEY `users_employee_number_unique` (`employee_number`),
  UNIQUE KEY `users_email_unique` (`email`),
  UNIQUE KEY `users_phone_unique` (`phone`),
  KEY `users_group_id_foreign` (`group_id`),
  CONSTRAINT `users_group_id_foreign` FOREIGN KEY (`group_id`) REFERENCES `group` (`id`)
) ENGINE=InnoDB AUTO_INCREMENT=3 DEFAULT CHARSET=utf8mb4 COLLATE=utf8mb4_unicode_ci;
/*!40101 SET character_set_client = @saved_cs_client */;

LOCK TABLES `users` WRITE;
/*!40000 ALTER TABLE `users` DISABLE KEYS */;
INSERT INTO `users` VALUES (1,'administrator','01010101','super','admin','admin@admin.com',NULL,'08123456789',NULL,'$2y$10$ALwqzkQquFaEgukkaalvSeQPf95bZUAMR20obP7GtzBjnqJ8pCY3.','2021-07-30','Indonesia',1,NULL,'2022-04-08 06:51:18','2022-04-08 06:51:18'),(2,'tester','01010102','User','tester','test@test.test',NULL,'01112121212',NULL,'$2y$10$iUpf/P2PHUFoo4d2W6kWeODsBaPwG0guEjfyRmVFExxGgCpqWicH.','2021-07-30','Indonesia',2,NULL,'2022-04-08 06:51:21','2022-04-08 06:51:21');
/*!40000 ALTER TABLE `users` ENABLE KEYS */;
UNLOCK TABLES;
/*!40103 SET TIME_ZONE=@OLD_TIME_ZONE */;

/*!40101 SET SQL_MODE=@OLD_SQL_MODE */;
/*!40014 SET FOREIGN_KEY_CHECKS=@OLD_FOREIGN_KEY_CHECKS */;
/*!40014 SET UNIQUE_CHECKS=@OLD_UNIQUE_CHECKS */;
/*!40101 SET CHARACTER_SET_CLIENT=@OLD_CHARACTER_SET_CLIENT */;
/*!40101 SET CHARACTER_SET_RESULTS=@OLD_CHARACTER_SET_RESULTS */;
/*!40101 SET COLLATION_CONNECTION=@OLD_COLLATION_CONNECTION */;
/*!40111 SET SQL_NOTES=@OLD_SQL_NOTES */;

